{"stats":{"minecraft:killed_by":{"minecraft:zombie":1},"minecraft:crafted":{"minecraft:crafting_table":1,"minecraft:wooden_pickaxe":1,"minecraft:birch_planks":68,"minecraft:stone_axe":2,"minecraft:stick":20,"minecraft:stone_pickaxe":1,"minecraft:wooden_axe":1,"minecraft:torch":20},"minecraft:picked_up":{"minecraft:crafting_table":3,"regions_unexplored:silt_dirt":4,"minecraft:potato":3,"regions_unexplored:salmon_poppy_bush":1,"minecraft:dirt":6,"ftbquests:book":1,"mythicmounts:firebird_feather":1,"minecraft:iron_pickaxe":1,"regions_unexplored:silver_birch_sapling":5,"minecraft:stick":7,"minecraft:stone_brick_slab":2,"minecraft:torch":2,"minecraft:quartz":9,"minecraft:pointed_dripstone":2,"minecraft:diorite":7,"minecraft:diamond_shovel":1,"minecraft:rotten_flesh":8,"minecraft:beetroot_seeds":2,"minecraft:stone_axe":2,"regions_unexplored:silver_birch_log":17,"minecraft:granite":10,"minecraft:cyan_terracotta":5,"minecraft:cobblestone":48},"minecraft:used":{"regions_unexplored:silt_dirt":4,"spellbladenext:frost_claymore":18,"minecraft:stone_sword":22,"minecraft:stone_pickaxe":65,"minecraft:wooden_pickaxe":25,"minecraft:shield":1,"minecraft:iron_sword":58,"minecraft:torch":20,"minecraft:dirt":1,"minecraft:crafting_table":3,"minecraft:red_mushroom":1,"regions_unexplored:silver_birch_sapling":5,"minecraft:wooden_axe":1,"minecraft:apple":5,"minecraft:bread":5,"minecraft:leather_helmet":1,"minecraft:stone_axe":19,"minecraft:cobblestone":34},"minecraft:custom":{"lootr:looted_stat":22,"minecraft:mob_kills":9,"minecraft:interact_with_crafting_table":7,"minecraft:open_barrel":2,"minecraft:damage_dealt_resisted":0,"minecraft:eat_cake_slice":1,"minecraft:leave_game":1,"minecraft:time_since_death":22494,"minecraft:climb_one_cm":487,"minecraft:hex":0,"minecraft:time_since_rest":22518,"minecraft:sprint_one_cm":135501,"minecraft:damage_taken":832,"minecraft:walk_one_cm":132857,"minecraft:damage_blocked_by_shield":45,"minecraft:drop":8,"minecraft:damage_dealt":1461,"minecraft:fly_one_cm":85220,"minecraft:crouch_one_cm":250,"minecraft:play_time":32229,"minecraft:deaths":1,"minecraft:sneak_time":95,"minecraft:walk_under_water_one_cm":105,"minecraft:jump":406,"minecraft:interact_with_brewingstand":1,"minecraft:walk_on_water_one_cm":2140,"minecraft:total_world_time":32229,"minecraft:fall_one_cm":10261,"minecraft:horse_one_cm":364954},"minecraft:mined":{"minecraft:cyan_terracotta":5,"minecraft:stone_brick_slab":1,"minecraft:crafting_table":3,"minecraft:granite":10,"regions_unexplored:salmon_poppy_bush":1,"minecraft:grass_block":1,"regions_unexplored:silt_dirt":3,"minecraft:redstone_wire":1,"minecraft:cobblestone":4,"minecraft:diorite":7,"betterarcheology:rotten_pressure_plate":1,"minecraft:wall_torch":1,"minecraft:spawner":5,"minecraft:wheat":4,"treechop:chopped_log":2,"betterarcheology:rotten_planks":1,"betterarcheology:loot_vase_green":2,"minecraft:grass":1,"minecraft:pointed_dripstone":1,"betterarcheology:evoker_trap":1,"regions_unexplored:silver_birch_log":2,"minecraft:dirt":5,"regions_unexplored:medium_grass":2,"minecraft:tripwire_hook":1,"minecraft:stone":44,"regions_unexplored:silt_grass_block":1,"minecraft:fern":1},"minecraft:dropped":{"mythicmounts:firebird_feather":1,"minecraft:pointed_dripstone":1,"minecraft:diamond_shovel":1,"minecraft:stick":2,"regions_unexplored:salmon_poppy_bush":1,"minecraft:iron_pickaxe":1,"minecraft:stone_brick_slab":1},"minecraft:killed":{"minecraft:skeleton":1,"tinyskeletons:baby_skeleton":1,"minecraft:zombie":7}},"DataVersion":3465}