{"stats":{"minecraft:crafted":{"minecraft:oak_planks":8,"mcdw:sword_hawkbrand":1,"minecraft:crafting_table":1,"minecraft:spruce_planks":8,"minecraft:iron_axe":1,"mcda:emerald_gear_helmet":1,"minecraft:stick":20,"minecraft:iron_pickaxe":1,"minecraft:iron_block":1,"minecraft:torch":64},"minecraft:dropped":{"minecraft:iron_sword":1,"minecraft:brown_mushroom":1,"rogues:rogue_armor_legs":1,"minecraft:stone_sword":1,"rogues:warrior_armor_feet":1,"brewery:corn_seeds":2,"minecraft:stick":2,"wizards:wizard_robe_chest":1,"minecraft:bow":3,"minecraft:blue_orchid":1,"minecraft:stone_brick_slab":1},"minecraft:mined":{"minecraft:mossy_stone_brick_slab":2,"minecraft:stone_brick_slab":2,"minecells:wilted_grass_block":1,"minecraft:crafting_table":1,"minecraft:spruce_fence":1,"minecraft:grass_block":4,"minecraft:mushroom_stem":1,"minecraft:brown_mushroom_block":1,"minecraft:tall_grass":1,"minecraft:spruce_leaves":2,"minecraft:infested_chiseled_stone_bricks":1,"minecraft:spawner":1,"regions_unexplored:hyssop":1,"graveyard:vase_block":1,"graveyard:tg_moss_block":4,"minecraft:barrel":1,"minecraft:spruce_log":2,"minecraft:birch_leaves":1,"graveyard:upper_bone_staff":1,"treechop:chopped_log":1,"minecraft:grass":1,"minecraft:cobblestone_slab":1,"minecraft:beetroots":5,"minecraft:dirt_path":1,"minecraft:dirt":1,"regions_unexplored:medium_grass":1,"minecraft:cracked_stone_bricks":3,"minecraft:bamboo":1,"minecraft:stone_bricks":3,"minecraft:mossy_stone_bricks":2,"minecraft:fern":2},"minecraft:killed_by":{"minecraft:piglin_brute":2},"minecraft:custom":{"minecraft:interact_with_furnace":1,"lootr:looted_stat":42,"minecraft:mob_kills":57,"minecraft:interact_with_crafting_table":3,"minecraft:open_barrel":3,"minecraft:damage_dealt_resisted":0,"minecraft:leave_game":1,"minecraft:time_since_death":48780,"minecraft:sleep_in_bed":1,"minecraft:damage_resisted":0,"minecraft:climb_one_cm":2423,"minecraft:hex":0,"minecraft:time_since_rest":39825,"minecraft:damage_absorbed":41,"minecraft:sprint_one_cm":269788,"minecraft:damage_taken":3490,"minecraft:walk_one_cm":150149,"minecraft:damage_blocked_by_shield":571,"minecraft:drop":14,"minecraft:damage_dealt":11483,"minecraft:swim_one_cm":6401,"minecraft:fly_one_cm":283012,"minecraft:open_chest":3,"minecraft:crouch_one_cm":15837,"minecraft:play_time":53788,"minecraft:deaths":2,"minecraft:sneak_time":4599,"minecraft:walk_under_water_one_cm":1362,"minecraft:jump":1162,"minecraft:walk_on_water_one_cm":3789,"minecraft:interact_with_smoker":1,"minecraft:total_world_time":53788,"minecraft:fall_one_cm":34225},"minecraft:broken":{"minecraft:leather_helmet":1,"minecraft:leather_boots":2,"simplyswords:gold_chakram":1},"minecraft:used":{"mcda:emerald_gear_helmet":1,"minecraft:stone_sword":5,"minecraft:shield":17,"minecraft:iron_sword":204,"brewery:corn_seeds":1,"minecraft:gold_ore":1,"minecraft:torch":4,"minecraft:golden_apple":1,"minecraft:dirt":3,"minecraft:crafting_table":1,"brewery:corn":1,"minecraft:crossbow":1,"paladins:iron_kite_shield":7,"minecraft:apple":5,"minecraft:iron_axe":4,"minecraft:bread":23,"minecraft:iron_pickaxe":14,"minecraft:barrel":1,"minecraft:golden_carrot":11,"minecraft:azalea_leaves":2,"rogues:rogue_armor_legs":1,"minecraft:andesite":1,"mcdw:sword_hawkbrand":147,"simplyswords:gold_chakram":27,"minecraft:experience_bottle":1},"minecraft:picked_up":{"minecraft:crafting_table":1,"minecells:prison_stone":1,"minecraft:leather":2,"minecraft:brown_mushroom":1,"minecraft:chainmail_chestplate":1,"minecraft:white_banner":1,"minecraft:dirt":4,"minecraft:bone":35,"minecraft:apple":4,"minecraft:beetroot":1,"minecraft:stone_bricks":2,"minecraft:bow":4,"minecraft:cracked_stone_bricks":3,"minecraft:beef":1,"minecraft:cobblestone_slab":1,"rogues:rogue_armor_legs":1,"minecraft:mossy_stone_bricks":2,"minecraft:bamboo":7,"minecraft:birch_sapling":1,"minecraft:iron_sword":1,"minecraft:stick":2,"promenade:duck":1,"minecraft:stone_brick_slab":2,"minecraft:spruce_fence":1,"minecraft:spruce_log":2,"minecraft:mossy_stone_brick_slab":2,"minecraft:barrel":1,"graveyard:upper_bone_staff":1,"minecraft:arrow":28,"minecraft:rotten_flesh":2,"regions_unexplored:fireweed":2,"minecraft:gold_ingot":3,"minecraft:coal":35},"minecraft:killed":{"minecraft:piglin":3,"promenade:duck":1,"minecraft:spider":1,"minecraft:skeleton":28,"minecraft:pillager":7,"tinyskeletons:baby_skeleton":1,"minecraft:silverfish":5,"minecraft:piglin_brute":5,"minecraft:cow":1}},"DataVersion":3465}