{"stats":{"minecraft:dropped":{"minecraft:brown_mushroom":1,"minecraft:stone_sword":1,"minecraft:blue_orchid":1,"brewery:corn_seeds":1},"minecraft:mined":{"regions_unexplored:hyssop":1,"minecraft:barrel":1,"graveyard:upper_bone_staff":1,"minecells:wilted_grass_block":1,"treechop:chopped_log":1,"minecraft:grass_block":4,"minecraft:beetroots":5,"minecraft:mushroom_stem":1,"minecraft:brown_mushroom_block":1,"minecraft:tall_grass":1,"regions_unexplored:medium_grass":1,"minecraft:bamboo":1,"minecraft:fern":1},"minecraft:killed_by":{"minecraft:piglin_brute":2},"minecraft:broken":{"minecraft:leather_helmet":1,"simplyswords:gold_chakram":1},"minecraft:custom":{"minecraft:time_since_rest":15825,"lootr:looted_stat":16,"minecraft:sprint_one_cm":143710,"minecraft:damage_taken":2062,"minecraft:walk_one_cm":60868,"minecraft:damage_blocked_by_shield":256,"minecraft:mob_kills":10,"minecraft:drop":4,"minecraft:damage_dealt":3236,"minecraft:swim_one_cm":2687,"minecraft:fly_one_cm":115086,"minecraft:open_barrel":3,"minecraft:open_chest":3,"minecraft:crouch_one_cm":12942,"minecraft:play_time":29788,"minecraft:deaths":2,"minecraft:sneak_time":3928,"minecraft:walk_under_water_one_cm":711,"minecraft:damage_dealt_resisted":0,"minecraft:jump":577,"minecraft:walk_on_water_one_cm":3142,"minecraft:leave_game":1,"minecraft:time_since_death":24780,"minecraft:sleep_in_bed":1,"minecraft:climb_one_cm":1690,"minecraft:total_world_time":29788,"minecraft:damage_resisted":0,"minecraft:hex":0,"minecraft:fall_one_cm":18382},"minecraft:used":{"minecraft:stone_sword":5,"minecraft:bread":21,"minecraft:shield":17,"minecraft:iron_sword":172,"minecraft:barrel":1,"minecraft:gold_ore":1,"minecraft:dirt":3,"rogues:rogue_armor_legs":1,"minecraft:azalea_leaves":2,"simplyswords:gold_chakram":27},"minecraft:picked_up":{"minecells:prison_stone":1,"minecraft:leather":2,"minecraft:brown_mushroom":1,"minecraft:barrel":1,"minecraft:dirt":4,"graveyard:upper_bone_staff":1,"minecraft:beetroot":1,"regions_unexplored:fireweed":2,"minecraft:beef":1,"minecraft:bamboo":7},"minecraft:killed":{"minecraft:piglin":3,"minecraft:piglin_brute":5,"minecraft:cow":1}},"DataVersion":3465}