{"stats":{"minecraft:picked_up":{"minecraft:flower_pot":1,"minecraft:potato":8,"minecraft:enchanted_book":2,"minecraft:gold_block":9,"minecraft:danger_pottery_sherd":1,"minecraft:string":9,"minecraft:dirt":3,"minecraft:bone":8,"minecraft:wheat_seeds":1,"minecraft:iron_pickaxe":1,"minecraft:book":9,"minecraft:stick":6,"minecraft:emerald_block":8,"promenade:duck":1,"minecraft:stone_brick_slab":1,"betterarcheology:artifact_shards":1,"minecraft:skull_pottery_sherd":4,"minecraft:light_blue_bed":1,"betterarcheology:radiance_totem":7,"minecraft:diamond_shovel":1,"minecraft:stone_sword":1,"minecraft:arrow":3,"minecraft:rotten_flesh":37,"minecraft:bread":1,"minecraft:melon_seeds":2,"minecraft:iron_bars":6,"minecraft:cobblestone":11},"minecraft:killed_by":{"mutantmonsters:mutant_skeleton":1},"minecraft:mined":{"minecraft:mossy_cobblestone":2,"minecraft:stone_brick_slab":2,"minecraft:potted_dead_bush":1,"minecraft:chiseled_bookshelf":2,"minecraft:grass_block":3,"minecraft:decorated_pot":9,"minecraft:cobblestone":19,"regions_unexplored:magnolia_leaves":1,"betterarcheology:radiance_totem":7,"minecraft:spawner":5,"betterarcheology:chiseled_bone_block":1,"minecraft:light_blue_bed":1,"betterarcheology:loot_vase_creeper":1,"minecraft:gray_wall_banner":1,"minecraft:stone_brick_stairs":2,"minecraft:gold_block":9,"betterarcheology:rotten_planks":1,"betterarcheology:loot_vase_green":6,"minecraft:grass":1,"minecraft:bookshelf":2,"minecraft:iron_bars":16,"minecraft:cobweb":1,"regions_unexplored:medium_grass":1,"minecraft:stone":4,"minecraft:tripwire_hook":2,"minecraft:stone_bricks":6,"regions_unexplored:silt_grass_block":1,"minecraft:mossy_stone_bricks":1,"minecraft:emerald_block":8,"minecraft:tripwire":7},"minecraft:dropped":{"minecraft:bread":1,"minecraft:stone_axe":1,"minecraft:stone_sword":1,"minecraft:diamond_shovel":1,"minecraft:flower_pot":1,"minecraft:arrow":3,"minecraft:iron_pickaxe":1,"ftbquests:book":1,"minecraft:stone_brick_slab":1},"minecraft:crafted":{"minecraft:shield":3,"minecraft:iron_pickaxe":1},"minecraft:killed":{"graveyard:ghoul":1,"graveyard:skeleton_creeper":1,"promenade:duck":1,"minecraft:spider":1,"minecraft:skeleton":5,"minecraft:zombie":29},"minecraft:custom":{"lootr:looted_stat":31,"minecraft:mob_kills":39,"minecraft:interact_with_crafting_table":4,"minecraft:damage_dealt_resisted":0,"minecraft:leave_game":2,"minecraft:time_since_death":27193,"minecraft:climb_one_cm":2335,"minecraft:damage_resisted":0,"minecraft:hex":0,"minecraft:time_since_rest":27229,"minecraft:damage_absorbed":158,"minecraft:sprint_one_cm":186462,"minecraft:damage_taken":1743,"minecraft:walk_one_cm":167669,"minecraft:damage_blocked_by_shield":1076,"minecraft:drop":9,"minecraft:damage_dealt":7214,"minecraft:swim_one_cm":5650,"minecraft:fly_one_cm":81708,"minecraft:crouch_one_cm":2653,"minecraft:play_time":35568,"minecraft:deaths":1,"minecraft:sneak_time":759,"minecraft:walk_under_water_one_cm":22957,"minecraft:jump":400,"minecraft:walk_on_water_one_cm":12219,"minecraft:total_world_time":35568,"minecraft:fall_one_cm":12820,"minecraft:horse_one_cm":46},"minecraft:used":{"minecraft:stone_sword":69,"betterarcheology:radiance_totem":3,"minecraft:shield":25,"rogues:iron_double_axe":55,"minecraft:rotten_flesh":3,"minecraft:torch":1,"minecraft:dirt":3,"paladins:iron_mace":65,"simplyswords:diamond_claymore":167,"minecraft:carrot":2,"minecraft:iron_axe":5,"minecraft:bread":16,"minecraft:suspicious_stew":1,"minecraft:iron_pickaxe":109,"minecraft:cobblestone":2,"minecraft:potato":2,"minecraft:enchanted_golden_apple":1}},"DataVersion":3465}