{"stats":{"minecraft:dropped":{"minecraft:brown_mushroom":1,"minecraft:stone_sword":1,"minecraft:blue_orchid":1,"brewery:corn_seeds":1},"minecraft:mined":{"regions_unexplored:hyssop":1,"minecraft:barrel":1,"graveyard:upper_bone_staff":1,"minecells:wilted_grass_block":1,"treechop:chopped_log":1,"minecraft:grass_block":4,"minecraft:beetroots":5,"minecraft:mushroom_stem":1,"minecraft:brown_mushroom_block":1,"minecraft:tall_grass":1,"minecraft:bamboo":1,"minecraft:fern":1},"minecraft:broken":{"simplyswords:gold_chakram":1},"minecraft:killed_by":{"minecraft:piglin_brute":2},"minecraft:custom":{"minecraft:time_since_rest":5149,"lootr:looted_stat":16,"minecraft:sprint_one_cm":94357,"minecraft:damage_taken":1777,"minecraft:walk_one_cm":51977,"minecraft:damage_blocked_by_shield":166,"minecraft:mob_kills":9,"minecraft:drop":4,"minecraft:damage_dealt":2695,"minecraft:fly_one_cm":61075,"minecraft:open_barrel":3,"minecraft:open_chest":3,"minecraft:crouch_one_cm":11240,"minecraft:play_time":19112,"minecraft:deaths":2,"minecraft:sneak_time":3423,"minecraft:damage_dealt_resisted":0,"minecraft:jump":378,"minecraft:leave_game":1,"minecraft:time_since_death":14104,"minecraft:sleep_in_bed":1,"minecraft:total_world_time":19112,"minecraft:climb_one_cm":1690,"minecraft:damage_resisted":0,"minecraft:hex":0,"minecraft:fall_one_cm":13606},"minecraft:used":{"minecraft:stone_sword":5,"minecraft:bread":14,"minecraft:shield":11,"minecraft:iron_sword":139,"minecraft:barrel":1,"minecraft:gold_ore":1,"minecraft:dirt":3,"minecraft:azalea_leaves":2,"rogues:rogue_armor_legs":1,"simplyswords:gold_chakram":27},"minecraft:picked_up":{"minecells:prison_stone":1,"minecraft:leather":2,"minecraft:brown_mushroom":1,"minecraft:barrel":1,"minecraft:dirt":4,"graveyard:upper_bone_staff":1,"minecraft:beetroot":1,"regions_unexplored:fireweed":2,"minecraft:beef":1,"minecraft:bamboo":7},"minecraft:killed":{"minecraft:piglin":2,"minecraft:piglin_brute":5,"minecraft:cow":1}},"DataVersion":3465}