{"stats":{"minecraft:dropped":{"minecraft:blue_orchid":1,"brewery:corn_seeds":1},"minecraft:mined":{"regions_unexplored:hyssop":1,"minecraft:grass_block":3},"minecraft:killed_by":{"minecraft:piglin_brute":2},"minecraft:custom":{"minecraft:time_since_rest":57,"minecraft:play_time":5041,"minecraft:crouch_one_cm":785,"lootr:looted_stat":3,"minecraft:sprint_one_cm":38236,"minecraft:walk_one_cm":19164,"minecraft:damage_taken":884,"minecraft:deaths":2,"minecraft:damage_blocked_by_shield":113,"minecraft:sneak_time":113,"minecraft:drop":2,"minecraft:jump":80,"minecraft:damage_dealt":359,"minecraft:time_since_death":33,"minecraft:total_world_time":5041,"minecraft:damage_resisted":0,"minecraft:hex":0,"minecraft:fall_one_cm":2020,"minecraft:fly_one_cm":15469},"minecraft:used":{"minecraft:stone_sword":5,"minecraft:bread":2,"minecraft:shield":8,"minecraft:iron_sword":14},"minecraft:picked_up":{"minecraft:dirt":3}},"DataVersion":3465}