{"stats":{"minecraft:killed_by":{"minecraft:piglin_brute":2},"minecraft:custom":{"minecraft:jump":94,"minecraft:time_since_rest":1607,"minecraft:damage_dealt":359,"minecraft:crouch_one_cm":157,"minecraft:deaths":2,"minecraft:sprint_one_cm":18895,"minecraft:play_time":4738,"minecraft:damage_taken":1015,"minecraft:time_since_death":1584,"minecraft:walk_one_cm":15920,"minecraft:sneak_time":20,"minecraft:total_world_time":4738,"minecraft:hex":0,"minecraft:mob_kills":2,"minecraft:fall_one_cm":2038,"minecraft:fly_one_cm":17044},"minecraft:used":{"minecraft:bread":1,"minecraft:stone_sword":21},"minecraft:picked_up":{"minecraft:chicken":1},"minecraft:killed":{"minecraft:piglin_brute":1,"minecraft:chicken":1}},"DataVersion":3465}