{"stats":{"minecraft:crafted":{"minecraft:crafting_table":1,"minecraft:stick":8,"minecraft:wooden_pickaxe":1,"minecraft:stone_pickaxe":1,"minecraft:acacia_planks":28,"minecraft:stone_axe":1},"minecraft:dropped":{"bewitchment:mandrake_seeds":2,"minecraft:stone_sword":1,"minecraft:blue_orchid":1,"brewery:corn_seeds":1},"minecraft:mined":{"minecraft:red_bed":1,"treechop:chopped_log":1,"minecraft:crafting_table":1,"minecraft:grass":1,"minecraft:grass_block":2,"minecraft:coal_ore":18,"minecraft:dirt":1,"minecraft:cobweb":1,"minecraft:copper_ore":1,"minecraft:deepslate_coal_ore":3,"minecraft:acacia_planks":3,"minecraft:stone":9,"minecraft:spawner":1},"minecraft:killed_by":{"minecraft:piglin_brute":3},"minecraft:custom":{"minecraft:time_since_rest":8131,"lootr:looted_stat":2,"minecraft:sprint_one_cm":48397,"minecraft:damage_taken":1867,"minecraft:walk_one_cm":89019,"minecraft:damage_blocked_by_shield":924,"minecraft:mob_kills":18,"minecraft:drop":5,"minecraft:damage_dealt":3305,"minecraft:interact_with_crafting_table":3,"minecraft:fly_one_cm":58566,"minecraft:crouch_one_cm":1884,"minecraft:interact_with_loom":1,"minecraft:play_time":28738,"minecraft:deaths":3,"minecraft:sneak_time":732,"minecraft:damage_dealt_resisted":0,"minecraft:jump":314,"minecraft:time_since_death":8075,"minecraft:sleep_in_bed":1,"minecraft:damage_resisted":0,"minecraft:total_world_time":28738,"minecraft:hex":0,"minecraft:fall_one_cm":7498},"minecraft:used":{"minecraft:stone_sword":73,"minecraft:bread":6,"minecraft:stone_pickaxe":26,"minecraft:shield":51,"minecraft:wooden_pickaxe":6,"minecraft:iron_sword":89,"minecraft:stone_axe":4,"minecraft:dirt":3,"minecraft:crafting_table":1,"minecraft:chainmail_chestplate":1,"minecraft:acacia_sapling":3,"minecraft:acacia_planks":7},"minecraft:picked_up":{"minecraft:crafting_table":1,"minecraft:feather":2,"minecraft:chicken":1,"minecraft:acacia_log":7,"brewery:corn_seeds":1,"minecraft:string":1,"minecraft:red_bed":1,"minecraft:dirt":3,"minecraft:raw_copper":5,"minecraft:acacia_planks":3,"minecraft:blue_orchid":1,"bewitchment:mandrake_seeds":2,"minecraft:acacia_sapling":3,"minecraft:coal":21,"minecraft:cobblestone":9},"minecraft:killed":{"minecraft:piglin":8,"minecraft:chicken":1,"minecraft:spider":1,"minecraft:piglin_brute":5,"bewitchment:raven":3}},"DataVersion":3465}