{"stats":{"minecraft:crafted":{"minecraft:crafting_table":1,"minecraft:stick":8,"minecraft:wooden_pickaxe":1,"minecraft:stone_pickaxe":1,"minecraft:acacia_planks":88,"minecraft:stone_axe":1},"minecraft:dropped":{"minecraft:wheat_seeds":1,"bewitchment:mandrake_seeds":2,"minecraft:stone_sword":1,"minecraft:acacia_sapling":5,"minecraft:blue_orchid":1,"minecraft:wooden_pickaxe":1,"brewery:corn_seeds":1},"minecraft:mined":{"minecraft:red_bed":1,"treechop:chopped_log":3,"minecraft:crafting_table":1,"minecraft:grass":1,"minecraft:grass_block":2,"minecraft:coal_ore":18,"minecraft:dirt":1,"minecraft:brown_mushroom_block":1,"minecraft:cobweb":3,"minecraft:copper_ore":1,"regions_unexplored:medium_grass":1,"minecraft:deepslate_coal_ore":3,"minecraft:acacia_planks":3,"minecraft:stone":9,"minecraft:spawner":1},"minecraft:killed_by":{"minecraft:piglin_brute":4},"minecraft:custom":{"minecraft:time_since_rest":6738,"lootr:looted_stat":5,"minecraft:sprint_one_cm":68826,"minecraft:damage_taken":2438,"minecraft:walk_one_cm":122192,"minecraft:damage_blocked_by_shield":3384,"minecraft:mob_kills":22,"minecraft:drop":10,"minecraft:damage_dealt":4106,"minecraft:swim_one_cm":636,"minecraft:interact_with_crafting_table":3,"minecraft:fly_one_cm":92265,"minecraft:crouch_one_cm":2420,"minecraft:interact_with_loom":1,"minecraft:play_time":40738,"minecraft:deaths":4,"minecraft:bell_ring":27,"minecraft:sneak_time":978,"minecraft:walk_under_water_one_cm":368,"minecraft:damage_dealt_resisted":0,"minecraft:jump":440,"minecraft:walk_on_water_one_cm":598,"minecraft:time_since_death":6709,"minecraft:sleep_in_bed":1,"minecraft:damage_resisted":0,"minecraft:total_world_time":40738,"minecraft:hex":0,"minecraft:fall_one_cm":10816},"minecraft:used":{"minecraft:stone_sword":73,"minecraft:bread":9,"minecraft:stone_pickaxe":26,"minecraft:shield":196,"minecraft:wooden_pickaxe":6,"minecraft:iron_sword":121,"minecraft:stone_axe":19,"minecraft:dirt":3,"minecraft:crafting_table":1,"minecraft:chainmail_chestplate":1,"minecraft:acacia_sapling":3,"minecraft:acacia_planks":7},"minecraft:picked_up":{"minecraft:crafting_table":1,"minecraft:feather":2,"minecraft:chicken":1,"minecraft:leather":2,"minecraft:acacia_log":22,"brewery:corn_seeds":1,"adventurez:gilded_blackstone_shard":1,"minecraft:string":3,"minecraft:red_bed":1,"minecraft:dirt":3,"minecraft:raw_copper":5,"minecraft:acacia_planks":3,"minecraft:blue_orchid":1,"minecraft:wheat_seeds":1,"bewitchment:mandrake_seeds":2,"minecraft:beef":2,"twigs:twig":2,"minecraft:acacia_sapling":8,"minecraft:coal":21,"minecraft:cobblestone":9},"minecraft:killed":{"minecraft:piglin":10,"minecraft:chicken":1,"minecraft:spider":1,"minecraft:piglin_brute":6,"minecraft:cow":1,"bewitchment:raven":3}},"DataVersion":3465}