{"stats":{"minecraft:crafted":{"minecraft:crafting_table":2,"travelersbackpack:standard":1,"minecraft:wooden_pickaxe":1,"minecraft:stone_axe":1,"comforts:sleeping_bag_light_gray":1,"minecraft:stick":8,"minecraft:stone_pickaxe":1,"minecraft:chest":1,"minecraft:acacia_planks":88},"minecraft:dropped":{"minecraft:wheat_seeds":1,"minecraft:stone_sword":1,"minecraft:raw_copper":5,"minecraft:wheat":7,"minecraft:cobblestone":3,"travelersbackpack:standard":2,"brewery:corn_seeds":1,"minecraft:coal":35,"minecraft:chainmail_chestplate":2,"minecraft:stick":2,"bewitchment:mandrake_seeds":2,"minecraft:azalea_leaves":2,"spellbladenext:frost_blade":1,"minecraft:rose_bush":3,"minecraft:acacia_sapling":5,"minecraft:chest":1,"minecraft:bow":1,"minecraft:blue_orchid":3,"minecraft:wooden_pickaxe":1,"travelersbackpack:backpack_tank":2,"twigs:twig":2},"minecraft:mined":{"botania:lime_mystical_flower":1,"minecraft:red_bed":1,"minecraft:crafting_table":2,"botania:yellow_double_flower":1,"minecraft:grass_block":2,"minecraft:brown_mushroom_block":1,"minecraft:copper_ore":1,"minecraft:deepslate_coal_ore":3,"minecraft:spawner":4,"botania:lime_double_flower":1,"minecraft:andesite":2,"minecraft:light_gray_wool":3,"treechop:chopped_log":3,"minecraft:grass":1,"botania:yellow_mystical_flower":1,"minecraft:coal_ore":21,"minecraft:dirt":1,"minecraft:cobweb":3,"regions_unexplored:medium_grass":1,"minecraft:bamboo":2,"minecraft:acacia_planks":3,"minecraft:stone":9},"minecraft:killed_by":{"minecraft:piglin_brute":4},"minecraft:custom":{"lootr:looted_stat":27,"minecraft:interact_with_anvil":1,"minecraft:mob_kills":46,"minecraft:interact_with_crafting_table":7,"minecraft:interact_with_loom":1,"minecraft:bell_ring":53,"minecraft:damage_dealt_resisted":0,"minecraft:time_since_death":42709,"minecraft:sleep_in_bed":1,"minecraft:climb_one_cm":485,"minecraft:damage_resisted":0,"minecraft:hex":0,"minecraft:time_since_rest":42738,"minecraft:sprint_one_cm":124767,"minecraft:damage_taken":3256,"minecraft:walk_one_cm":257583,"minecraft:damage_blocked_by_shield":3519,"minecraft:drop":27,"minecraft:damage_dealt":7236,"minecraft:swim_one_cm":6227,"minecraft:fly_one_cm":211830,"minecraft:crouch_one_cm":3408,"minecraft:play_time":76738,"minecraft:deaths":4,"minecraft:sneak_time":1136,"minecraft:walk_under_water_one_cm":719,"minecraft:jump":858,"minecraft:walk_on_water_one_cm":1346,"minecraft:total_world_time":76738,"minecraft:fall_one_cm":23622,"minecraft:horse_one_cm":489},"minecraft:used":{"minecraft:stone_sword":73,"minecraft:stone_pickaxe":34,"minecraft:wooden_pickaxe":6,"minecraft:shield":199,"minecraft:iron_sword":209,"minecraft:bell":1,"minecraft:dirt":3,"minecraft:crafting_table":2,"minecraft:red_bed":1,"minecraft:chainmail_chestplate":1,"minecraft:acacia_sapling":3,"minecraft:bread":17,"minecraft:stone_axe":20,"travelersbackpack:standard":8,"minecraft:acacia_planks":7},"minecraft:picked_up":{"minecraft:crafting_table":2,"minecraft:leather_chestplate":1,"minecraft:feather":6,"minecraft:chicken":4,"minecraft:golden_carrot":1,"minecraft:andesite":2,"minecraft:leather":8,"brewery:corn_seeds":1,"adventurez:gilded_blackstone_shard":1,"minecraft:dirt":3,"minecraft:string":3,"minecraft:red_bed":1,"minecells:health_flask":1,"minecraft:raw_copper":5,"wizards:wizard_robe_chest":1,"travelersbackpack:backpack_tank":2,"minecraft:bone":8,"minecraft:blue_orchid":1,"minecraft:acacia_planks":63,"minecraft:bow":2,"minecraft:wheat_seeds":1,"prominent:knowledge_scroll":1,"minecraft:bell":1,"bewitchment:mandrake_seeds":2,"minecraft:beef":9,"minecraft:light_gray_wool":3,"twigs:twig":2,"minecraft:chest":1,"travelersbackpack:blank_upgrade":1,"minecraft:acacia_sapling":8,"botania:yellow_double_flower":1,"botania:yellow_mystical_flower":1,"minecraft:acacia_log":22,"botania:lime_double_flower":1,"travelersbackpack:standard":2,"minecraft:arrow":12,"botania:lime_mystical_flower":1,"minecraft:coal":24,"minecraft:cobblestone":9},"minecraft:killed":{"minecraft:piglin":10,"minecraft:spider":1,"bewitchment:raven":3,"minecraft:skeleton":15,"tinyskeletons:baby_skeleton":1,"minecraft:chicken":4,"minecraft:piglin_brute":7,"minecraft:cow":5}},"DataVersion":3465}