{"stats":{"minecraft:crafted":{"minecraft:crafting_table":1,"minecraft:stick":8,"minecraft:wooden_pickaxe":1,"minecraft:stone_pickaxe":1,"minecraft:acacia_planks":28,"minecraft:stone_axe":1},"minecraft:dropped":{"bewitchment:mandrake_seeds":2,"minecraft:blue_orchid":1,"brewery:corn_seeds":1},"minecraft:mined":{"minecraft:red_bed":1,"treechop:chopped_log":1,"minecraft:crafting_table":1,"minecraft:grass":1,"minecraft:grass_block":2,"minecraft:coal_ore":18,"minecraft:dirt":1,"minecraft:copper_ore":1,"minecraft:deepslate_coal_ore":3,"minecraft:acacia_planks":3,"minecraft:stone":9},"minecraft:killed_by":{"minecraft:piglin_brute":2},"minecraft:custom":{"minecraft:time_since_rest":523,"lootr:looted_stat":2,"minecraft:sprint_one_cm":26192,"minecraft:damage_taken":1075,"minecraft:walk_one_cm":53310,"minecraft:damage_blocked_by_shield":286,"minecraft:mob_kills":5,"minecraft:drop":4,"minecraft:damage_dealt":1078,"minecraft:interact_with_crafting_table":3,"minecraft:fly_one_cm":24617,"minecraft:crouch_one_cm":1154,"minecraft:interact_with_loom":1,"minecraft:play_time":16738,"minecraft:deaths":2,"minecraft:sneak_time":270,"minecraft:damage_dealt_resisted":0,"minecraft:jump":156,"minecraft:time_since_death":13584,"minecraft:sleep_in_bed":1,"minecraft:damage_resisted":0,"minecraft:total_world_time":16738,"minecraft:hex":0,"minecraft:fall_one_cm":3465},"minecraft:used":{"minecraft:stone_sword":73,"minecraft:bread":1,"minecraft:stone_pickaxe":25,"minecraft:shield":18,"minecraft:wooden_pickaxe":6,"minecraft:stone_axe":1,"minecraft:dirt":3,"minecraft:crafting_table":1,"minecraft:chainmail_chestplate":1,"minecraft:acacia_sapling":3,"minecraft:acacia_planks":7},"minecraft:picked_up":{"minecraft:crafting_table":1,"minecraft:chicken":1,"minecraft:acacia_log":7,"brewery:corn_seeds":1,"minecraft:red_bed":1,"minecraft:dirt":3,"minecraft:raw_copper":5,"minecraft:acacia_planks":3,"minecraft:blue_orchid":1,"bewitchment:mandrake_seeds":2,"minecraft:acacia_sapling":3,"minecraft:coal":21,"minecraft:cobblestone":9},"minecraft:killed":{"minecraft:piglin":3,"minecraft:chicken":1,"minecraft:piglin_brute":1}},"DataVersion":3465}