{"stats":{"minecraft:crafted":{"minecraft:crafting_table":1,"minecraft:wooden_pickaxe":1,"minecraft:stone_axe":1,"minecraft:stick":8,"minecraft:stone_pickaxe":1,"minecraft:acacia_planks":88},"minecraft:dropped":{"minecraft:wheat_seeds":1,"minecraft:stone_sword":1,"minecraft:raw_copper":5,"minecraft:wheat":7,"minecraft:cobblestone":3,"brewery:corn_seeds":1,"minecraft:chainmail_chestplate":1,"bewitchment:mandrake_seeds":2,"minecraft:azalea_leaves":2,"spellbladenext:frost_blade":1,"minecraft:rose_bush":3,"minecraft:acacia_sapling":5,"minecraft:blue_orchid":3,"minecraft:wooden_pickaxe":1,"twigs:twig":2},"minecraft:mined":{"minecraft:red_bed":1,"minecraft:crafting_table":1,"minecraft:grass_block":2,"minecraft:brown_mushroom_block":1,"minecraft:copper_ore":1,"minecraft:deepslate_coal_ore":3,"minecraft:spawner":1,"minecraft:andesite":2,"treechop:chopped_log":3,"minecraft:grass":1,"minecraft:coal_ore":21,"minecraft:dirt":1,"minecraft:cobweb":3,"regions_unexplored:medium_grass":1,"minecraft:bamboo":2,"minecraft:acacia_planks":3,"minecraft:stone":9},"minecraft:killed_by":{"minecraft:piglin_brute":4},"minecraft:custom":{"lootr:looted_stat":9,"minecraft:interact_with_anvil":1,"minecraft:mob_kills":29,"minecraft:interact_with_crafting_table":4,"minecraft:interact_with_loom":1,"minecraft:bell_ring":53,"minecraft:damage_dealt_resisted":0,"minecraft:time_since_death":18709,"minecraft:sleep_in_bed":1,"minecraft:climb_one_cm":485,"minecraft:damage_resisted":0,"minecraft:hex":0,"minecraft:time_since_rest":18738,"minecraft:sprint_one_cm":85135,"minecraft:damage_taken":2647,"minecraft:walk_one_cm":160658,"minecraft:damage_blocked_by_shield":3384,"minecraft:drop":19,"minecraft:damage_dealt":4710,"minecraft:swim_one_cm":636,"minecraft:fly_one_cm":119041,"minecraft:crouch_one_cm":2778,"minecraft:play_time":52738,"minecraft:deaths":4,"minecraft:sneak_time":1012,"minecraft:walk_under_water_one_cm":368,"minecraft:jump":550,"minecraft:walk_on_water_one_cm":598,"minecraft:total_world_time":52738,"minecraft:fall_one_cm":13651},"minecraft:used":{"minecraft:stone_sword":73,"minecraft:stone_pickaxe":31,"minecraft:wooden_pickaxe":6,"minecraft:shield":196,"minecraft:iron_sword":142,"minecraft:bell":1,"minecraft:dirt":3,"minecraft:crafting_table":1,"minecraft:chainmail_chestplate":1,"minecraft:acacia_sapling":3,"minecraft:bread":11,"minecraft:stone_axe":19,"minecraft:acacia_planks":7},"minecraft:picked_up":{"minecraft:crafting_table":1,"minecraft:feather":6,"minecraft:chicken":4,"minecraft:golden_carrot":1,"minecraft:andesite":2,"minecraft:leather":4,"brewery:corn_seeds":1,"adventurez:gilded_blackstone_shard":1,"minecraft:dirt":3,"minecraft:string":3,"minecraft:red_bed":1,"minecells:health_flask":1,"minecraft:raw_copper":5,"minecraft:blue_orchid":1,"minecraft:acacia_planks":3,"minecraft:wheat_seeds":1,"prominent:knowledge_scroll":1,"minecraft:bell":1,"bewitchment:mandrake_seeds":2,"minecraft:beef":6,"twigs:twig":2,"travelersbackpack:blank_upgrade":1,"minecraft:acacia_sapling":8,"minecraft:acacia_log":22,"minecraft:coal":24,"minecraft:cobblestone":9},"minecraft:killed":{"minecraft:piglin":10,"minecraft:spider":1,"bewitchment:raven":3,"minecraft:chicken":4,"minecraft:piglin_brute":7,"minecraft:cow":4}},"DataVersion":3465}