{"stats":{"minecraft:crafted":{"regions_unexplored:mauve_planks":24,"minecraft:iron_axe":1,"minecraft:crafting_table":2,"minecraft:stick":12,"minecraft:wooden_pickaxe":1,"minecraft:iron_pickaxe":1,"minecraft:stone_pickaxe":1,"minecraft:stone_sword":1,"minecraft:chest":1},"minecraft:dropped":{"minecraft:bowl":1,"regions_unexplored:meadow_sage":1,"regions_unexplored:mauve_sapling":1},"minecraft:mined":{"minecraft:birch_planks":2,"minecraft:andesite":19,"treechop:chopped_log":2,"minecraft:cave_vines_plant":1,"minecraft:cave_vines":1,"minecraft:coal_ore":14,"minecraft:beetroots":1,"minecraft:campfire":8,"regions_unexplored:medium_grass":1,"minecraft:acacia_planks":1,"regions_unexplored:meadow_sage":1,"minecraft:stone":7,"minecraft:moss_block":1,"minecraft:damaged_anvil":1,"regions_unexplored:fireweed":1,"minecraft:spawner":2},"minecraft:broken":{"minecraft:stone_sword":1},"minecraft:killed_by":{"minecraft:piglin_brute":5},"minecraft:custom":{"minecraft:time_since_rest":4381,"lootr:looted_stat":5,"minecraft:sprint_one_cm":81083,"minecraft:damage_taken":2486,"minecraft:walk_one_cm":82323,"minecraft:damage_blocked_by_shield":3210,"minecraft:mob_kills":16,"minecraft:drop":3,"minecraft:damage_dealt":3802,"minecraft:interact_with_crafting_table":6,"minecraft:fly_one_cm":48875,"minecraft:crouch_one_cm":174,"minecraft:play_time":27957,"minecraft:sneak_time":38,"minecraft:deaths":5,"minecraft:damage_dealt_resisted":0,"minecraft:jump":212,"minecraft:interact_with_stonecutter":1,"minecraft:time_since_death":4358,"minecraft:total_world_time":27957,"minecraft:damage_resisted":0,"minecraft:hex":0,"minecraft:fall_one_cm":5828},"minecraft:used":{"minecraft:damaged_anvil":1,"minecraft:stone_sword":205,"minecraft:iron_axe":8,"minecraft:bread":7,"minecraft:stone_pickaxe":41,"minecraft:iron_pickaxe":1,"minecraft:suspicious_stew":1,"minecraft:shield":30,"minecraft:wooden_pickaxe":3,"minecraft:crafting_table":2,"regions_unexplored:mauve_planks":1},"minecraft:picked_up":{"minecraft:charcoal":16,"minecraft:andesite":14,"minecraft:leather":5,"minecraft:red_mushroom":2,"minecraft:birch_planks":2,"regions_unexplored:meadow_sage":1,"minecraft:arrow":1,"minecraft:rotten_flesh":1,"minecraft:acacia_planks":1,"regions_unexplored:mauve_sapling":1,"minecraft:beetroot":1,"regions_unexplored:fireweed":1,"minecraft:beetroot_seeds":2,"regions_unexplored:mauve_log":6,"minecraft:beef":15,"minecraft:moss_block":1,"minecraft:damaged_anvil":1,"minecraft:coal":14,"minecraft:cobblestone":7},"minecraft:killed":{"minecraft:skeleton":1,"minecraft:piglin":2,"minecraft:zombie":1,"minecraft:piglin_brute":4,"minecraft:cow":6}},"DataVersion":3465}