{"stats":{"minecraft:mined":{"regions_unexplored:medium_grass":1,"regions_unexplored:meadow_sage":1},"minecraft:custom":{"minecraft:time_since_rest":3957,"minecraft:play_time":3957,"minecraft:sprint_one_cm":8022,"minecraft:damage_taken":323,"minecraft:walk_one_cm":10549,"minecraft:damage_blocked_by_shield":180,"minecraft:mob_kills":2,"minecraft:jump":46,"minecraft:damage_dealt_resisted":0,"minecraft:damage_dealt":400,"minecraft:time_since_death":3957,"minecraft:total_world_time":3957,"minecraft:damage_resisted":0,"minecraft:hex":0,"minecraft:fall_one_cm":627,"minecraft:fly_one_cm":11793},"minecraft:used":{"minecraft:stone_sword":18,"minecraft:bread":2,"minecraft:shield":4},"minecraft:picked_up":{"minecraft:arrow":1,"minecraft:rotten_flesh":1},"minecraft:killed":{"minecraft:skeleton":1,"minecraft:zombie":1}},"DataVersion":3465}