{"stats":{"minecraft:killed_by":{"minecraft:zombie":2},"minecraft:crafted":{"minecraft:stick":4},"minecraft:picked_up":{"regions_unexplored:silver_birch_sapling":4,"minecraft:stick":7,"minecraft:suspicious_stew":1,"minecraft:red_mushroom":1,"minecraft:brown_mushroom":6,"minecraft:quartz":4,"regions_unexplored:silt_dirt":3,"betterarcheology:artifact_shards":2,"minecraft:gunpowder":4,"minecraft:string":2,"minecraft:dirt":6,"minecraft:bone":1,"minecraft:pumpkin_seeds":2,"minecraft:arrow":2,"minecraft:diamond":1,"minecraft:gold_nugget":4,"regions_unexplored:silver_birch_log":10,"twigs:twig":2},"minecraft:used":{"minecraft:stone_sword":75,"minecraft:bread":10,"minecraft:shield":14,"minecraft:golden_sword":3,"regions_unexplored:silt_dirt":3},"minecraft:custom":{"minecraft:time_since_rest":12624,"lootr:looted_stat":3,"minecraft:sprint_one_cm":51051,"minecraft:damage_taken":1574,"minecraft:walk_one_cm":65634,"minecraft:damage_blocked_by_shield":1137,"minecraft:mob_kills":2,"minecraft:drop":2,"minecraft:damage_dealt":432,"minecraft:swim_one_cm":884,"minecraft:talked_to_villager":1,"minecraft:fly_one_cm":69512,"minecraft:crouch_one_cm":1033,"minecraft:play_time":17451,"minecraft:deaths":2,"minecraft:sneak_time":199,"minecraft:walk_under_water_one_cm":9284,"minecraft:damage_dealt_resisted":0,"minecraft:jump":311,"minecraft:leave_game":1,"minecraft:walk_on_water_one_cm":16460,"minecraft:time_since_death":12599,"minecraft:total_world_time":17451,"minecraft:damage_resisted":0,"minecraft:hex":0,"minecraft:fall_one_cm":5267},"minecraft:mined":{"betterarcheology:chiseled_bone_block":2,"treechop:chopped_log":1,"betterarcheology:rotten_planks":3,"betterarcheology:loot_vase_green":1,"regions_unexplored:silt_dirt":2,"minecraft:cobweb":2,"regions_unexplored:medium_grass":1,"regions_unexplored:silt_grass_block":1},"minecraft:dropped":{"minecraft:brown_mushroom":1,"regions_unexplored:silver_birch_sapling":2},"minecraft:killed":{"minecraft:skeleton":1}},"DataVersion":3465}