{"stats":{"minecraft:crafted":{"minecraft:crafting_table":3,"minecraft:wooden_pickaxe":1,"travelersbackpack:standard":1,"travelersbackpack:white_sleeping_bag":1,"regions_unexplored:mauve_planks":24,"minecraft:iron_axe":1,"minecraft:stick":12,"minecraft:iron_pickaxe":1,"minecraft:stone_pickaxe":1,"minecraft:stone_sword":1,"minecraft:chest":1,"minecraft:acacia_planks":8},"minecraft:dropped":{"minecraft:stone_sword":1,"minecraft:bowl":1,"minecraft:acacia_sapling":6,"minecraft:stone_pickaxe":1,"regions_unexplored:meadow_sage":1,"regions_unexplored:mauve_sapling":1},"minecraft:mined":{"ae2:chipped_budding_quartz":2,"minecraft:acacia_leaves":3,"minecraft:red_bed":2,"minecraft:cave_vines_plant":1,"minecraft:acacia_log":1,"minecraft:campfire":8,"minecraft:cobblestone":4,"regions_unexplored:meadow_sage":1,"minecraft:grindstone":1,"minecraft:moss_block":1,"minecraft:damaged_anvil":1,"minecraft:spawner":5,"minecraft:birch_planks":2,"ae2:flawless_budding_quartz":2,"regions_unexplored:sandy_tall_grass":1,"minecraft:iron_ore":2,"techreborn:ruby_ore":2,"ae2:damaged_budding_quartz":1,"minecraft:andesite":43,"treechop:chopped_log":3,"regions_unexplored:sandy_grass":1,"ae2:mysterious_cube":1,"ae2:flawed_budding_quartz":2,"minecraft:sand":68,"ae2:quartz_block":2,"minecraft:bookshelf":16,"minecraft:coal_ore":16,"minecraft:cave_vines":1,"minecraft:beetroots":1,"minecraft:iron_bars":1,"minecraft:stone_bricks":1,"regions_unexplored:medium_grass":1,"ae2:sky_stone_block":11,"minecraft:acacia_planks":1,"minecraft:stone":21,"minecraft:oak_leaves":1,"soulsweapons:verglas_ore":1,"regions_unexplored:fireweed":1},"minecraft:killed_by":{"minecraft:piglin_brute":5,"minecraft:zombie":1},"minecraft:broken":{"minecraft:shield":1,"minecraft:stone_sword":1},"minecraft:custom":{"lootr:looted_stat":20,"minecraft:mob_kills":33,"minecraft:interact_with_crafting_table":12,"minecraft:damage_dealt_resisted":0,"minecraft:interact_with_stonecutter":1,"minecraft:time_since_death":30514,"minecraft:damage_resisted":0,"minecraft:hex":0,"minecraft:time_since_rest":30542,"minecraft:sprint_one_cm":213632,"minecraft:damage_taken":3174,"minecraft:walk_one_cm":185652,"minecraft:damage_blocked_by_shield":3280,"minecraft:drop":6,"minecraft:damage_dealt":6276,"minecraft:swim_one_cm":2805,"minecraft:fly_one_cm":191044,"minecraft:crouch_one_cm":1713,"minecraft:walk_under_water_one_cm":490,"minecraft:play_time":63957,"minecraft:deaths":6,"minecraft:sneak_time":692,"minecraft:jump":813,"minecraft:walk_on_water_one_cm":1487,"minecraft:total_world_time":63957,"minecraft:fall_one_cm":21098},"minecraft:used":{"minecraft:damaged_anvil":1,"minecraft:stone_sword":254,"minecraft:stone_pickaxe":83,"minecraft:wooden_pickaxe":3,"minecraft:shield":32,"minecraft:crafting_table":3,"minecraft:red_bed":1,"regions_unexplored:mauve_planks":2,"spellbladenext:frost_blade":76,"minecraft:iron_axe":35,"minecraft:bread":15,"minecraft:suspicious_stew":1,"minecraft:iron_pickaxe":35,"minecraft:cobblestone":13,"travelersbackpack:standard":2},"minecraft:picked_up":{"minecraft:charcoal":16,"minecraft:andesite":38,"minecraft:leather":14,"minecraft:red_mushroom":2,"regions_unexplored:meadow_sage":1,"minecraft:birch_planks":2,"ae2:silicon_press":1,"minecraft:chainmail_chestplate":1,"ae2:damaged_budding_quartz":2,"minecraft:red_bed":2,"minecraft:bone":2,"minecraft:acacia_planks":1,"minecraft:beetroot":1,"minecraft:grindstone":1,"minecraft:beef":28,"ae2:logic_processor_press":1,"twigs:twig":2,"minecraft:moss_block":1,"ae2:flawed_budding_quartz":1,"minecraft:acacia_sapling":6,"minecraft:book":48,"minecraft:raw_iron":2,"minecraft:acacia_log":8,"techreborn:ruby_gem":3,"minecraft:sand":68,"ae2:quartz_block":3,"techreborn:red_garnet_gem":2,"ae2:sky_stone_block":11,"minecraft:arrow":4,"minecraft:rotten_flesh":3,"regions_unexplored:mauve_sapling":1,"regions_unexplored:fireweed":1,"ae2:chipped_budding_quartz":2,"minecraft:beetroot_seeds":2,"regions_unexplored:mauve_log":6,"ae2:engineering_processor_press":1,"soulsweapons:verglas":1,"spellbladenext:frost_blade":1,"ae2:calculation_processor_press":1,"minecraft:damaged_anvil":1,"minecraft:mutton":4,"minecraft:coal":16,"minecraft:white_wool":3,"minecraft:cobblestone":28},"minecraft:killed":{"minecraft:piglin":2,"minecraft:sheep":3,"minecraft:skeleton":4,"minecraft:zombie":4,"minecraft:piglin_brute":4,"minecraft:cow":14}},"DataVersion":3465}