{"stats":{"minecraft:crafted":{"minecraft:crafting_table":3,"minecraft:wooden_pickaxe":1,"travelersbackpack:standard":1,"travelersbackpack:white_sleeping_bag":1,"regions_unexplored:mauve_planks":24,"minecraft:iron_axe":1,"minecraft:stick":12,"minecraft:iron_pickaxe":1,"minecraft:stone_pickaxe":1,"minecraft:stone_sword":1,"minecraft:chest":1,"minecraft:acacia_planks":8},"minecraft:dropped":{"minecraft:stone_sword":1,"minecraft:bowl":1,"regions_unexplored:meadow_sage":1,"regions_unexplored:mauve_sapling":1},"minecraft:mined":{"minecraft:acacia_leaves":3,"minecraft:red_bed":2,"minecraft:cave_vines_plant":1,"minecraft:acacia_log":1,"minecraft:campfire":8,"minecraft:cobblestone":1,"regions_unexplored:meadow_sage":1,"minecraft:moss_block":1,"minecraft:damaged_anvil":1,"minecraft:spawner":2,"minecraft:birch_planks":2,"minecraft:andesite":43,"treechop:chopped_log":3,"minecraft:coal_ore":14,"minecraft:cave_vines":1,"minecraft:beetroots":1,"regions_unexplored:medium_grass":1,"minecraft:acacia_planks":1,"minecraft:stone":20,"regions_unexplored:fireweed":1},"minecraft:broken":{"minecraft:stone_sword":1},"minecraft:killed_by":{"minecraft:piglin_brute":5,"minecraft:zombie":1},"minecraft:custom":{"lootr:looted_stat":5,"minecraft:mob_kills":24,"minecraft:interact_with_crafting_table":12,"minecraft:damage_dealt_resisted":0,"minecraft:interact_with_stonecutter":1,"minecraft:time_since_death":6514,"minecraft:damage_resisted":0,"minecraft:hex":0,"minecraft:time_since_rest":6542,"minecraft:sprint_one_cm":117131,"minecraft:damage_taken":2791,"minecraft:walk_one_cm":115839,"minecraft:damage_blocked_by_shield":3240,"minecraft:drop":4,"minecraft:damage_dealt":4939,"minecraft:fly_one_cm":103328,"minecraft:crouch_one_cm":234,"minecraft:play_time":39957,"minecraft:deaths":6,"minecraft:sneak_time":118,"minecraft:jump":415,"minecraft:walk_on_water_one_cm":232,"minecraft:total_world_time":39957,"minecraft:fall_one_cm":10375},"minecraft:used":{"minecraft:damaged_anvil":1,"minecraft:stone_sword":254,"minecraft:stone_pickaxe":79,"minecraft:wooden_pickaxe":3,"minecraft:shield":31,"minecraft:crafting_table":3,"minecraft:red_bed":1,"regions_unexplored:mauve_planks":2,"minecraft:iron_axe":19,"minecraft:bread":7,"minecraft:suspicious_stew":1,"minecraft:iron_pickaxe":1,"minecraft:cobblestone":1,"travelersbackpack:standard":2},"minecraft:picked_up":{"minecraft:charcoal":16,"minecraft:andesite":38,"minecraft:leather":8,"minecraft:red_mushroom":2,"regions_unexplored:meadow_sage":1,"minecraft:birch_planks":2,"minecraft:chainmail_chestplate":1,"minecraft:red_bed":2,"minecraft:bone":1,"minecraft:acacia_planks":1,"minecraft:beetroot":1,"minecraft:beef":19,"twigs:twig":2,"minecraft:moss_block":1,"minecraft:acacia_sapling":6,"minecraft:acacia_log":8,"minecraft:arrow":2,"minecraft:rotten_flesh":1,"regions_unexplored:mauve_sapling":1,"regions_unexplored:fireweed":1,"minecraft:beetroot_seeds":2,"regions_unexplored:mauve_log":6,"spellbladenext:frost_blade":1,"minecraft:damaged_anvil":1,"minecraft:mutton":4,"minecraft:coal":14,"minecraft:white_wool":3,"minecraft:cobblestone":24},"minecraft:killed":{"minecraft:piglin":2,"minecraft:sheep":3,"minecraft:skeleton":2,"minecraft:zombie":2,"minecraft:piglin_brute":4,"minecraft:cow":9}},"DataVersion":3465}