{"stats":{"minecraft:crafted":{"regions_unexplored:mauve_planks":20,"minecraft:crafting_table":1,"minecraft:stick":8,"minecraft:wooden_pickaxe":1,"minecraft:stone_pickaxe":1,"minecraft:stone_sword":1,"minecraft:chest":1},"minecraft:dropped":{"minecraft:bowl":1,"regions_unexplored:meadow_sage":1,"regions_unexplored:mauve_sapling":1},"minecraft:mined":{"treechop:chopped_log":1,"minecraft:beetroots":1,"regions_unexplored:medium_grass":1,"minecraft:acacia_planks":1,"regions_unexplored:meadow_sage":1,"minecraft:stone":7,"minecraft:damaged_anvil":1,"regions_unexplored:fireweed":1},"minecraft:broken":{"minecraft:stone_sword":1},"minecraft:killed_by":{"minecraft:piglin_brute":1},"minecraft:custom":{"minecraft:time_since_rest":6781,"lootr:looted_stat":1,"minecraft:sprint_one_cm":36215,"minecraft:damage_taken":1142,"minecraft:walk_one_cm":47737,"minecraft:damage_blocked_by_shield":270,"minecraft:mob_kills":8,"minecraft:drop":3,"minecraft:damage_dealt":2233,"minecraft:interact_with_crafting_table":5,"minecraft:fly_one_cm":36579,"minecraft:crouch_one_cm":10,"minecraft:play_time":15957,"minecraft:sneak_time":3,"minecraft:deaths":1,"minecraft:damage_dealt_resisted":0,"minecraft:jump":150,"minecraft:interact_with_stonecutter":1,"minecraft:time_since_death":6751,"minecraft:total_world_time":15957,"minecraft:damage_resisted":0,"minecraft:hex":0,"minecraft:fall_one_cm":3427},"minecraft:used":{"minecraft:damaged_anvil":1,"minecraft:stone_sword":131,"minecraft:bread":7,"minecraft:stone_pickaxe":6,"minecraft:suspicious_stew":1,"minecraft:shield":10,"minecraft:wooden_pickaxe":3,"minecraft:crafting_table":1,"regions_unexplored:mauve_planks":1},"minecraft:picked_up":{"minecraft:leather":2,"regions_unexplored:meadow_sage":1,"minecraft:arrow":1,"minecraft:rotten_flesh":1,"minecraft:acacia_planks":1,"regions_unexplored:mauve_sapling":1,"minecraft:beetroot":1,"regions_unexplored:fireweed":1,"minecraft:beetroot_seeds":2,"regions_unexplored:mauve_log":6,"minecraft:beef":2,"minecraft:damaged_anvil":1,"minecraft:cobblestone":7},"minecraft:killed":{"minecraft:skeleton":1,"minecraft:piglin":2,"minecraft:zombie":1,"minecraft:piglin_brute":2}},"DataVersion":3465}