{
  "mutantmonsters:root": {
    "criteria": {
      "killed_something": "2024-11-09 19:25:04 +0000"
    },
    "done": true
  },
  "supplementaries:recipes/decorations/sign_post_acacia": {
    "criteria": {
      "has_planks": "2024-11-09 19:27:51 +0000"
    },
    "done": true
  },
  "betterend:recipes/decorations/lacugrove_taburet": {
    "criteria": {
      "has_stick": "2024-11-09 19:28:11 +0000"
    },
    "done": true
  },
  "betterend:recipes/decorations/helix_tree_sign": {
    "criteria": {
      "has_stick": "2024-11-09 19:28:11 +0000"
    },
    "done": true
  },
  "mcda:recipes/base_armors/ghostly_boots": {
    "criteria": {
      "has_leather": "2024-11-09 19:29:58 +0000"
    },
    "done": true
  },
  "spellbladenext:spellblades/root": {
    "criteria": {
      "always": "2024-11-09 19:23:39 +0000"
    },
    "done": true
  },
  "mcda:recipes/crafting_items/fabric_bolt_yellow": {
    "criteria": {
      "has_stick": "2024-11-09 19:28:11 +0000"
    },
    "done": true
  },
  "betterend:recipes/decorations/end_lotus_ladder": {
    "criteria": {
      "has_stick": "2024-11-09 19:28:11 +0000"
    },
    "done": true
  },
  "supplementaries:recipes/flags/flag_magenta": {
    "criteria": {
      "has_stick": "2024-11-09 19:28:11 +0000"
    },
    "done": true
  },
  "regions_unexplored:recipes/building_blocks/mauve_stairs": {
    "criteria": {
      "has_mauve_planks": "2024-11-09 19:28:01 +0000"
    },
    "done": true
  },
  "mcdw:recipes/bows/bow_masters_bow": {
    "criteria": {
      "has_leather": "2024-11-09 19:29:58 +0000"
    },
    "done": true
  },
  "betternether:recipes/decorations/crimson_chair": {
    "criteria": {
      "has_stick": "2024-11-09 19:28:11 +0000"
    },
    "done": true
  },
  "minecraft:recipes/food/golden_apple": {
    "criteria": {
      "has_gold_ingot": "2024-11-09 19:35:18 +0000"
    },
    "done": true
  },
  "mcdw:recipes/hammers/hammer_great_hammer": {
    "criteria": {
      "has_leather": "2024-11-09 19:29:58 +0000"
    },
    "done": true
  },
  "mcda:recipes/crafting_items/fabric_bolt_brown": {
    "criteria": {
      "has_stick": "2024-11-09 19:28:11 +0000"
    },
    "done": true
  },
  "minecraft:recipes/combat/golden_boots": {
    "criteria": {
      "has_gold_ingot": "2024-11-09 19:35:18 +0000"
    },
    "done": true
  },
  "mcdw:recipes/daggers/dagger_the_beginning": {
    "criteria": {
      "has_gold_ingot": "2024-11-09 19:35:18 +0000"
    },
    "done": true
  },
  "betternether:recipes/decorations/oak_taburet": {
    "criteria": {
      "has_stick": "2024-11-09 19:28:11 +0000"
    },
    "done": true
  },
  "minecraft:recipes/combat/leather_chestplate": {
    "criteria": {
      "has_leather": "2024-11-09 19:29:58 +0000"
    },
    "done": true
  },
  "betterend:recipes/decorations/pythadendron_fence": {
    "criteria": {
      "has_stick": "2024-11-09 19:28:11 +0000"
    },
    "done": true
  },
  "betternether:recipes/decorations/cherry_taburet": {
    "criteria": {
      "has_stick": "2024-11-09 19:28:11 +0000"
    },
    "done": true
  },
  "regions_unexplored:recipes/building_blocks/brown_painted_planks": {
    "criteria": {
      "has_planks": "2024-11-09 19:27:51 +0000"
    },
    "done": true
  },
  "minecraft:recipes/decorations/crafting_table": {
    "criteria": {
      "unlock_right_away": "2024-11-09 19:23:39 +0000"
    },
    "done": true
  },
  "minecraft:recipes/decorations/chest": {
    "criteria": {
      "has_lots_of_items": "2024-11-09 19:28:25 +0000"
    },
    "done": true
  },
  "mcdw:recipes/crossbows/crossbow_nautical_crossbow": {
    "criteria": {
      "has_gold_ingot": "2024-11-09 19:35:18 +0000"
    },
    "done": true
  },
  "techreborn:recipes/chemical_reactor/calcium_carbonate": {
    "criteria": {
      "has_carbon": "2024-11-09 19:23:39 +0000",
      "has_calcium": "2024-11-09 19:23:39 +0000"
    },
    "done": true
  },
  "betternether:recipes/decorations/bamboo_taburet": {
    "criteria": {
      "has_stick": "2024-11-09 19:28:11 +0000"
    },
    "done": true
  },
  "mcdw:recipes/swords/sword_masters_katana": {
    "criteria": {
      "has_gold_ingot": "2024-11-09 19:35:18 +0000"
    },
    "done": true
  },
  "betterend:recipes/decorations/lacugrove_chair": {
    "criteria": {
      "has_stick": "2024-11-09 19:28:11 +0000"
    },
    "done": true
  },
  "betternether:recipes/decorations/anchor_tree_bar_stool": {
    "criteria": {
      "has_stick": "2024-11-09 19:28:11 +0000"
    },
    "done": true
  },
  "betternether:recipes/transportation/rail": {
    "criteria": {
      "has_stick": "2024-11-09 19:28:11 +0000"
    },
    "done": true
  },
  "techreborn:recipes/crafting_table/parts/plantball_from_saplings": {
    "criteria": {
      "has_sapling": "2024-11-09 19:27:07 +0000"
    },
    "done": true
  },
  "minecraft:recipes/building_blocks/acacia_stairs": {
    "criteria": {
      "has_planks": "2024-11-09 19:27:51 +0000"
    },
    "done": true
  },
  "farmersdelight:recipes/combat/golden_knife": {
    "criteria": {
      "has_gold_ingot": "2024-11-09 19:35:18 +0000"
    },
    "done": true
  },
  "betternether:recipes/decorations/rubeus_chair": {
    "criteria": {
      "has_stick": "2024-11-09 19:28:11 +0000"
    },
    "done": true
  },
  "betterend:recipes/decorations/umbrella_tree_fence": {
    "criteria": {
      "has_stick": "2024-11-09 19:28:11 +0000"
    },
    "done": true
  },
  "twigs:recipes/cobblestone_bricks/cobblestone_brick_stairs_from_cobblestone_stonecutting": {
    "criteria": {
      "has_item": "2024-11-09 19:28:40 +0000"
    },
    "done": true
  },
  "betternether:recipes/redstone/mushroom_fir_gate": {
    "criteria": {
      "has_stick": "2024-11-09 19:28:11 +0000"
    },
    "done": true
  },
  "regions_unexplored:recipes/building_blocks/cyan_painted_planks": {
    "criteria": {
      "has_planks": "2024-11-09 19:27:51 +0000"
    },
    "done": true
  },
  "handcrafted:recipes/misc/acacia_fancy_bed": {
    "criteria": {
      "has_acacia_fancy_bed": "2024-11-09 19:27:51 +0000"
    },
    "done": true
  },
  "mcdw:recipes/shields/shield_tower_guard": {
    "criteria": {
      "has_gold_ingot": "2024-11-09 19:35:18 +0000"
    },
    "done": true
  },
  "travelersbackpack:recipes/misc/horse": {
    "criteria": {
      "has_leather": "2024-11-09 19:29:58 +0000"
    },
    "done": true
  },
  "betternether:recipes/decorations/oak_bar_stool": {
    "criteria": {
      "has_stick": "2024-11-09 19:28:11 +0000"
    },
    "done": true
  },
  "betterend:recipes/redstone/tenanea_gate": {
    "criteria": {
      "has_stick": "2024-11-09 19:28:11 +0000"
    },
    "done": true
  },
  "betterend:recipes/decorations/dragon_tree_taburet": {
    "criteria": {
      "has_stick": "2024-11-09 19:28:11 +0000"
    },
    "done": true
  },
  "croptopia:recipes/campfire_toast": {
    "criteria": {
      "has_bread": "2024-11-09 19:23:39 +0000"
    },
    "done": true
  },
  "handcrafted:recipes/misc/bear_trophy": {
    "criteria": {
      "has_bear_trophy": "2024-11-09 19:27:51 +0000"
    },
    "done": true
  },
  "betternether:root": {
    "criteria": {
      "welcome": "2024-11-09 19:23:40 +0000"
    },
    "done": true
  },
  "betterend:recipes/decorations/helix_tree_fence": {
    "criteria": {
      "has_stick": "2024-11-09 19:28:11 +0000"
    },
    "done": true
  },
  "betterend:root": {
    "criteria": {
      "welcome": "2024-11-09 19:23:40 +0000"
    },
    "done": true
  },
  "advancednetherite:recipes/netherite_diamond_block": {
    "criteria": {
      "has_ingredients": "2024-11-09 19:23:39 +0000"
    },
    "done": true
  },
  "betterend:recipes/redstone/pythadendron_gate": {
    "criteria": {
      "has_stick": "2024-11-09 19:28:11 +0000"
    },
    "done": true
  },
  "travelersbackpack:recipes/misc/skeleton": {
    "criteria": {
      "has_arrow": "2024-11-09 19:26:05 +0000"
    },
    "done": true
  },
  "minecraft:recipes/decorations/acacia_sign": {
    "criteria": {
      "has_planks": "2024-11-09 19:27:51 +0000"
    },
    "done": true
  },
  "mcda:recipes/base_armors/turtle_armor_helmet": {
    "criteria": {
      "has_leather": "2024-11-09 19:29:58 +0000"
    },
    "done": true
  },
  "betterend:recipes/decorations/umbrella_tree_ladder": {
    "criteria": {
      "has_stick": "2024-11-09 19:28:11 +0000"
    },
    "done": true
  },
  "ae2wtlib:recipes/wireless_universal_terminal/upgrade_crafting": {
    "criteria": {
      "has_wct": "2024-11-09 19:23:39 +0000"
    },
    "done": true
  },
  "betternether:recipes/decorations/willow_ladder": {
    "criteria": {
      "has_stick": "2024-11-09 19:28:11 +0000"
    },
    "done": true
  },
  "mcdw:recipes/spears/spear_fortune": {
    "criteria": {
      "has_gold_ingot": "2024-11-09 19:35:18 +0000"
    },
    "done": true
  },
  "farmersdelight:recipes/cooking/pasta_with_meatballs": {
    "criteria": {
      "has_any_ingredient": "2024-11-09 19:29:58 +0000"
    },
    "done": true
  },
  "lootr:1barrel": {
    "criteria": {
      "opened_barrel": "2024-11-09 19:35:17 +0000"
    },
    "done": true
  },
  "regions_unexplored:recipes/redstone/mauve_door": {
    "criteria": {
      "has_mauve_planks": "2024-11-09 19:28:01 +0000"
    },
    "done": true
  },
  "seasonsextras:recipes/season_calendar": {
    "criteria": {
      "has_clock": "2024-11-09 19:23:39 +0000"
    },
    "done": true
  },
  "croptopia:recipes/mead": {
    "criteria": {
      "has_honey": "2024-11-09 19:35:20 +0000"
    },
    "done": true
  },
  "mcda:recipes/base_armors/ghostly_leggings": {
    "criteria": {
      "has_leather": "2024-11-09 19:29:58 +0000"
    },
    "done": true
  },
  "handcrafted:recipes/misc/goat_trophy": {
    "criteria": {
      "has_goat_trophy": "2024-11-09 19:27:51 +0000"
    },
    "done": true
  },
  "supplementaries:recipes/turn_table": {
    "criteria": {
      "minecraft:planks": "2024-11-09 19:27:51 +0000"
    },
    "done": true
  },
  "advancednetherite:recipes/misc/netherite_diamond_ingot": {
    "criteria": {
      "has_the_recipe": "2024-11-09 19:23:39 +0000"
    },
    "done": true
  },
  "minecraft:recipes/building_blocks/cobblestone_slab": {
    "criteria": {
      "has_cobblestone": "2024-11-09 19:28:40 +0000"
    },
    "done": true
  },
  "decorative_blocks:recipes/decorative_blocks.general/lattice": {
    "criteria": {
      "has_stick": "2024-11-09 19:28:11 +0000"
    },
    "done": true
  },
  "betternether:recipes/decorations/nether_sakura_bar_stool": {
    "criteria": {
      "has_stick": "2024-11-09 19:28:11 +0000"
    },
    "done": true
  },
  "minecraft:recipes/building_blocks/gold_block": {
    "criteria": {
      "has_gold_ingot": "2024-11-09 19:35:18 +0000"
    },
    "done": true
  },
  "betternether:recipes/decorations/dark_oak_taburet": {
    "criteria": {
      "has_stick": "2024-11-09 19:28:11 +0000"
    },
    "done": true
  },
  "vinery:recipes/cherry_fence": {
    "criteria": {
      "has_stick": "2024-11-09 19:28:11 +0000"
    },
    "done": true
  },
  "minecraft:recipes/combat/wooden_sword": {
    "criteria": {
      "has_stick": "2024-11-09 19:28:11 +0000"
    },
    "done": true
  },
  "betterdungeons:root": {
    "criteria": {
      "always": "2024-11-09 19:23:39 +0000"
    },
    "done": true
  },
  "minecraft:recipes/combat/leather_boots": {
    "criteria": {
      "has_leather": "2024-11-09 19:29:58 +0000"
    },
    "done": true
  },
  "supplementaries:recipes/flags/flag_green": {
    "criteria": {
      "has_stick": "2024-11-09 19:28:11 +0000"
    },
    "done": true
  },
  "mcda:recipes/base_armors/grim_armor_leggings": {
    "criteria": {
      "has_leather": "2024-11-09 19:29:58 +0000"
    },
    "done": true
  },
  "regions_unexplored:recipes/building_blocks/orange_painted_planks": {
    "criteria": {
      "has_planks": "2024-11-09 19:27:51 +0000"
    },
    "done": true
  },
  "mcda:recipes/crafting_items/fabric_bolt_gray": {
    "criteria": {
      "has_stick": "2024-11-09 19:28:11 +0000"
    },
    "done": true
  },
  "minecraft:recipes/building_blocks/cobblestone_stairs": {
    "criteria": {
      "has_cobblestone": "2024-11-09 19:28:40 +0000"
    },
    "done": true
  },
  "mcda:recipes/crafting_items/fabric_bolt_red": {
    "criteria": {
      "has_stick": "2024-11-09 19:28:11 +0000"
    },
    "done": true
  },
  "betterend:recipes/decorations/tenanea_sign": {
    "criteria": {
      "has_stick": "2024-11-09 19:28:11 +0000"
    },
    "done": true
  },
  "betternether:recipes/decorations/cherry_bar_stool": {
    "criteria": {
      "has_stick": "2024-11-09 19:28:11 +0000"
    },
    "done": true
  },
  "handcrafted:recipes/misc/acacia_pillar_trim": {
    "criteria": {
      "has_acacia_pillar_trim": "2024-11-09 19:27:51 +0000"
    },
    "done": true
  },
  "handcrafted:recipes/misc/blaze_trophy": {
    "criteria": {
      "has_blaze_trophy": "2024-11-09 19:27:51 +0000"
    },
    "done": true
  },
  "supplementaries:recipes/flags/flag_white": {
    "criteria": {
      "has_stick": "2024-11-09 19:28:11 +0000"
    },
    "done": true
  },
  "betterend:recipes/redstone/mossy_glowshroom_gate": {
    "criteria": {
      "has_stick": "2024-11-09 19:28:11 +0000"
    },
    "done": true
  },
  "supplementaries:recipes/hourglass": {
    "criteria": {
      "has_gold_ingot": "2024-11-09 19:35:18 +0000"
    },
    "done": true
  },
  "handcrafted:recipes/misc/wolf_trophy": {
    "criteria": {
      "has_wolf_trophy": "2024-11-09 19:27:51 +0000"
    },
    "done": true
  },
  "betterend:recipes/decorations/helix_tree_chair": {
    "criteria": {
      "has_stick": "2024-11-09 19:28:11 +0000"
    },
    "done": true
  },
  "mcdw:recipes/bows/bow_hunters_promise": {
    "criteria": {
      "has_leather": "2024-11-09 19:29:58 +0000"
    },
    "done": true
  },
  "betternether:recipes/decorations/mushroom_fir_chair": {
    "criteria": {
      "has_stick": "2024-11-09 19:28:11 +0000"
    },
    "done": true
  },
  "techreborn:recipes/centrifuge/hydrogen_cell": {
    "criteria": {
      "has_hydrogen": "2024-11-09 19:23:39 +0000"
    },
    "done": true
  },
  "minecraft:recipes/combat/stone_sword": {
    "criteria": {
      "has_cobblestone": "2024-11-09 19:28:40 +0000"
    },
    "done": true
  },
  "minecraft:recipes/decorations/cobblestone_wall": {
    "criteria": {
      "has_cobblestone": "2024-11-09 19:28:40 +0000"
    },
    "done": true
  },
  "betternether:recipes/decorations/warped_taburet": {
    "criteria": {
      "has_stick": "2024-11-09 19:28:11 +0000"
    },
    "done": true
  },
  "minecraft:recipes/tools/stone_axe": {
    "criteria": {
      "has_cobblestone": "2024-11-09 19:28:40 +0000"
    },
    "done": true
  },
  "betterend:recipes/decorations/mossy_glowshroom_sign": {
    "criteria": {
      "has_stick": "2024-11-09 19:28:11 +0000"
    },
    "done": true
  },
  "mcdw:recipes/shields/shield_vanguard": {
    "criteria": {
      "has_planks": "2024-11-09 19:27:51 +0000"
    },
    "done": true
  },
  "regions_unexplored:recipes/building_blocks/green_painted_planks": {
    "criteria": {
      "has_planks": "2024-11-09 19:27:51 +0000"
    },
    "done": true
  },
  "minecraft:recipes/building_blocks/acacia_slab": {
    "criteria": {
      "has_planks": "2024-11-09 19:27:51 +0000"
    },
    "done": true
  },
  "betternether:recipes/transportation/nether_mushroom_chest_boat": {
    "criteria": {
      "has_tag_c_chest": "2024-11-09 19:34:05 +0000"
    },
    "done": true
  },
  "betterend:recipes/decorations/tenanea_bar_stool": {
    "criteria": {
      "has_stick": "2024-11-09 19:28:11 +0000"
    },
    "done": true
  },
  "immersive_armors:recipes/misc/wooden": {
    "criteria": {
      "has_item": "2024-11-09 19:27:07 +0000"
    },
    "done": true
  },
  "betterend:recipes/misc/leather_to_stripes": {
    "criteria": {
      "has_leather": "2024-11-09 19:29:58 +0000"
    },
    "done": true
  },
  "mcda:recipes/upgrade_cores/upgrade_core_verdant": {
    "criteria": {
      "has_core_specification_item": "2024-11-09 19:27:07 +0000"
    },
    "done": true
  },
  "minecraft:recipes/combat/golden_helmet": {
    "criteria": {
      "has_gold_ingot": "2024-11-09 19:35:18 +0000"
    },
    "done": true
  },
  "betternether:recipes/decorations/anchor_tree_chair": {
    "criteria": {
      "has_stick": "2024-11-09 19:28:11 +0000"
    },
    "done": true
  },
  "mcda:recipes/crafting_items/fabric_bolt_magenta": {
    "criteria": {
      "has_stick": "2024-11-09 19:28:11 +0000"
    },
    "done": true
  },
  "croptopia:recipes/cheeseburger": {
    "criteria": {
      "has_bread": "2024-11-09 19:23:39 +0000"
    },
    "done": true
  },
  "betternether:recipes/decorations/anchor_tree_taburet": {
    "criteria": {
      "has_stick": "2024-11-09 19:28:11 +0000"
    },
    "done": true
  },
  "betternether:recipes/decorations/warped_ladder": {
    "criteria": {
      "has_stick": "2024-11-09 19:28:11 +0000"
    },
    "done": true
  },
  "betterend:recipes/decorations/lucernia_bar_stool": {
    "criteria": {
      "has_stick": "2024-11-09 19:28:11 +0000"
    },
    "done": true
  },
  "betternether:recipes/decorations/acacia_chair": {
    "criteria": {
      "has_stick": "2024-11-09 19:28:11 +0000"
    },
    "done": true
  },
  "decorative_blocks:recipes/decorative_blocks.general/acacia_seat": {
    "criteria": {
      "has_plank": "2024-11-09 19:27:51 +0000"
    },
    "done": true
  },
  "croptopia:recipes/food/toast_from_smoking_bread": {
    "criteria": {
      "has_bread": "2024-11-09 19:23:39 +0000"
    },
    "done": true
  },
  "ae2wtlib:recipes/wireless_pattern_encoding_terminal": {
    "criteria": {
      "has_wt": "2024-11-09 19:23:39 +0000"
    },
    "done": true
  },
  "betternether:recipes/decorations/bar_stool_cincinnasite": {
    "criteria": {
      "has_stick": "2024-11-09 19:28:11 +0000"
    },
    "done": true
  },
  "twigs:recipes/cobblestone_bricks/cobblestone_bricks_stonecutting": {
    "criteria": {
      "has_item": "2024-11-09 19:28:40 +0000"
    },
    "done": true
  },
  "mcdw:recipes/bows/bow_bonebow": {
    "criteria": {
      "has_gold_ingot": "2024-11-09 19:35:18 +0000"
    },
    "done": true
  },
  "regions_unexplored:recipes/building_blocks/purple_painted_planks": {
    "criteria": {
      "has_planks": "2024-11-09 19:27:51 +0000"
    },
    "done": true
  },
  "herbalbrews:main/root": {
    "criteria": {
      "seeds": "2024-11-09 19:23:39 +0000"
    },
    "done": true
  },
  "betterdeserttemples:root": {
    "criteria": {
      "always": "2024-11-09 19:23:39 +0000"
    },
    "done": true
  },
  "mcdw:recipes/swords/sword_beestinger": {
    "criteria": {
      "has_gold_ingot": "2024-11-09 19:35:18 +0000"
    },
    "done": true
  },
  "betternether:recipes/decorations/mangrove_bar_stool": {
    "criteria": {
      "has_stick": "2024-11-09 19:28:11 +0000"
    },
    "done": true
  },
  "botania:recipes/food/mushroom_stew": {
    "criteria": {
      "has_item": "2024-11-09 19:35:27 +0000"
    },
    "done": true
  },
  "supplementaries:recipes/notice_board": {
    "criteria": {
      "minecraft:planks": "2024-11-09 19:27:51 +0000"
    },
    "done": true
  },
  "betternether:recipes/decorations/willow_bar_stool": {
    "criteria": {
      "has_stick": "2024-11-09 19:28:11 +0000"
    },
    "done": true
  },
  "betterend:recipes/decorations/end_lotus_fence": {
    "criteria": {
      "has_stick": "2024-11-09 19:28:11 +0000"
    },
    "done": true
  },
  "mcda:recipes/upgrade_cores/upgrade_core_archer": {
    "criteria": {
      "has_core_specification_item": "2024-11-09 19:26:05 +0000"
    },
    "done": true
  },
  "betternether:recipes/redstone/wart_gate": {
    "criteria": {
      "has_stick": "2024-11-09 19:28:11 +0000"
    },
    "done": true
  },
  "mcdw:recipes/swords/sword_frost_slayer": {
    "criteria": {
      "has_iron_ingot": "2024-11-09 19:35:18 +0000"
    },
    "done": true
  },
  "mcdw:recipes/sickles/sickle_last_laugh_gold": {
    "criteria": {
      "has_gold_ingot": "2024-11-09 19:35:18 +0000"
    },
    "done": true
  },
  "regions_unexplored:recipes/decorations/mauve_shrub": {
    "criteria": {
      "has_mauve_sapling": "2024-11-09 19:27:07 +0000"
    },
    "done": true
  },
  "mcda:recipes/base_armors/evocation_robe_helmet": {
    "criteria": {
      "has_leather": "2024-11-09 19:29:58 +0000"
    },
    "done": true
  },
  "regions_unexplored:regions_explored": {
    "criteria": {
      "rocky_meadow": "2024-11-09 19:23:40 +0000",
      "bamboo_forest": "2024-11-09 19:31:35 +0000"
    },
    "done": false
  },
  "frostiful:recipes/combat/armor/ice_skates": {
    "criteria": {
      "has_fur_boots": "2024-11-09 19:23:39 +0000"
    },
    "done": true
  },
  "minecraft:recipes/tools/wooden_pickaxe": {
    "criteria": {
      "has_stick": "2024-11-09 19:28:11 +0000"
    },
    "done": true
  },
  "mcda:recipes/base_armors/evocation_robe_chestplate": {
    "criteria": {
      "has_gold_ingot": "2024-11-09 19:35:18 +0000"
    },
    "done": true
  },
  "farmersdelight:recipes/food/mixed_salad": {
    "criteria": {
      "has_bowl": "2024-11-09 19:35:27 +0000"
    },
    "done": true
  },
  "betternether:recipes/decorations/stalagnate_sign": {
    "criteria": {
      "has_stick": "2024-11-09 19:28:11 +0000"
    },
    "done": true
  },
  "supplementaries:recipes/flags/flag_cyan": {
    "criteria": {
      "has_stick": "2024-11-09 19:28:11 +0000"
    },
    "done": true
  },
  "minecraft:story/upgrade_tools": {
    "criteria": {
      "stone_pickaxe": "2024-11-09 19:29:02 +0000"
    },
    "done": true
  },
  "betterend:recipes/decorations/jellyshroom_taburet": {
    "criteria": {
      "has_stick": "2024-11-09 19:28:11 +0000"
    },
    "done": true
  },
  "betternether:recipes/decorations/nether_sakura_sign": {
    "criteria": {
      "has_stick": "2024-11-09 19:28:11 +0000"
    },
    "done": true
  },
  "techreborn:recipes/chemical_reactor/methane": {
    "criteria": {
      "has_hydrogen": "2024-11-09 19:23:39 +0000",
      "has_carbon": "2024-11-09 19:23:39 +0000"
    },
    "done": true
  },
  "betterend:recipes/decorations/jellyshroom_bar_stool": {
    "criteria": {
      "has_stick": "2024-11-09 19:28:11 +0000"
    },
    "done": true
  },
  "betterend:recipes/decorations/lucernia_taburet": {
    "criteria": {
      "has_stick": "2024-11-09 19:28:11 +0000"
    },
    "done": true
  },
  "techreborn:recipes/chemical_reactor/sodium_sulfide": {
    "criteria": {
      "has_sulfur": "2024-11-09 19:23:39 +0000",
      "has_sodium": "2024-11-09 19:23:39 +0000"
    },
    "done": true
  },
  "techreborn:recipes/grinder/saw_small_dust_from_planks": {
    "criteria": {
      "has_tag_minecraft_planks": "2024-11-09 19:27:51 +0000"
    },
    "done": true
  },
  "farmersdelight:recipes/cooking/pasta_with_mutton_chop": {
    "criteria": {
      "has_any_ingredient": "2024-11-09 19:35:20 +0000"
    },
    "done": true
  },
  "betternether:recipes/decorations/nether_mushroom_ladder": {
    "criteria": {
      "has_stick": "2024-11-09 19:28:11 +0000"
    },
    "done": true
  },
  "betterend:recipes/decorations/lacugrove_fence": {
    "criteria": {
      "has_stick": "2024-11-09 19:28:11 +0000"
    },
    "done": true
  },
  "betternether:recipes/decorations/nether_reed_taburet": {
    "criteria": {
      "has_stick": "2024-11-09 19:28:11 +0000"
    },
    "done": true
  },
  "bewitchment:recipes/decorations/cypress_chest": {
    "criteria": {
      "has_lots_of_items": "2024-11-09 19:28:25 +0000"
    },
    "done": true
  },
  "regions_unexplored:pioneer": {
    "criteria": {
      "rocky_meadow": "2024-11-09 19:23:40 +0000",
      "bamboo_forest": "2024-11-09 19:31:35 +0000"
    },
    "done": false
  },
  "regions_unexplored:recipes/redstone/mauve_pressure_plate": {
    "criteria": {
      "has_mauve_planks": "2024-11-09 19:28:01 +0000"
    },
    "done": true
  },
  "minecraft:recipes/decorations/acacia_fence": {
    "criteria": {
      "has_planks": "2024-11-09 19:27:51 +0000"
    },
    "done": true
  },
  "mcdw:recipes/crossbows/crossbow_harpoon_crossbow": {
    "criteria": {
      "has_planks": "2024-11-09 19:27:51 +0000"
    },
    "done": true
  },
  "betterend:recipes/redstone/dragon_tree_gate": {
    "criteria": {
      "has_stick": "2024-11-09 19:28:11 +0000"
    },
    "done": true
  },
  "farmersdelight:recipes/building_blocks/organic_compost_from_rotten_flesh": {
    "criteria": {
      "has_rotten_flesh": "2024-11-09 19:25:08 +0000"
    },
    "done": true
  },
  "advancednetherite:recipes/netherite_emerald_block": {
    "criteria": {
      "has_ingredients": "2024-11-09 19:23:39 +0000"
    },
    "done": true
  },
  "barteringstation:recipes/decorations/bartering_station": {
    "criteria": {
      "has_gold_ingot": "2024-11-09 19:35:18 +0000"
    },
    "done": true
  },
  "minecraft:recipes/food/mushroom_stew": {
    "criteria": {
      "has_bowl": "2024-11-09 19:35:27 +0000"
    },
    "done": true
  },
  "minecraft:husbandry/balanced_diet": {
    "criteria": {
      "bread": "2024-11-09 19:25:24 +0000",
      "suspicious_stew": "2024-11-09 19:35:27 +0000"
    },
    "done": false
  },
  "supplementaries:recipes/gold_door": {
    "criteria": {
      "has_gold_ingot": "2024-11-09 19:35:18 +0000"
    },
    "done": true
  },
  "techreborn:recipes/distillation_tower/diesel": {
    "criteria": {
      "has_oil": "2024-11-09 19:23:39 +0000"
    },
    "done": true
  },
  "betterend:recipes/decorations/tenanea_ladder": {
    "criteria": {
      "has_stick": "2024-11-09 19:28:11 +0000"
    },
    "done": true
  },
  "handcrafted:recipes/misc/skeleton_horse_trophy": {
    "criteria": {
      "has_skeleton_horse_trophy": "2024-11-09 19:27:51 +0000"
    },
    "done": true
  },
  "betterend:recipes/decorations/mossy_glowshroom_ladder": {
    "criteria": {
      "has_stick": "2024-11-09 19:28:11 +0000"
    },
    "done": true
  },
  "betternether:recipes/decorations/crimson_ladder": {
    "criteria": {
      "has_stick": "2024-11-09 19:28:11 +0000"
    },
    "done": true
  },
  "betternether:recipes/transportation/willow_chest_boat": {
    "criteria": {
      "has_tag_c_chest": "2024-11-09 19:34:05 +0000"
    },
    "done": true
  },
  "minecraft:recipes/redstone/acacia_button": {
    "criteria": {
      "has_planks": "2024-11-09 19:27:51 +0000"
    },
    "done": true
  },
  "mcdw:recipes/gauntlets/gauntlet_soul_fist": {
    "criteria": {
      "has_gold_ingot": "2024-11-09 19:35:18 +0000"
    },
    "done": true
  },
  "minecraft:recipes/food/cooked_mutton_from_smoking": {
    "criteria": {
      "has_mutton": "2024-11-09 19:35:20 +0000"
    },
    "done": true
  },
  "betternether:recipes/decorations/nether_reed_fence": {
    "criteria": {
      "has_stick": "2024-11-09 19:28:11 +0000"
    },
    "done": true
  },
  "betternether:recipes/decorations/mushroom_fir_bar_stool": {
    "criteria": {
      "has_stick": "2024-11-09 19:28:11 +0000"
    },
    "done": true
  },
  "techreborn:recipes/chemical_reactor/nitro_diesel": {
    "criteria": {
      "has_diesel": "2024-11-09 19:23:39 +0000",
      "has_glyceryl": "2024-11-09 19:23:39 +0000"
    },
    "done": true
  },
  "advancednetherite:recipes/netherite_gold_block": {
    "criteria": {
      "has_ingredients": "2024-11-09 19:23:39 +0000"
    },
    "done": true
  },
  "minecraft:recipes/tools/golden_axe": {
    "criteria": {
      "has_gold_ingot": "2024-11-09 19:35:18 +0000"
    },
    "done": true
  },
  "betternether:recipes/redstone/rubeus_gate": {
    "criteria": {
      "has_stick": "2024-11-09 19:28:11 +0000"
    },
    "done": true
  },
  "mcdw:recipes/gauntlets/gauntlet_gauntlets": {
    "criteria": {
      "has_leather": "2024-11-09 19:29:58 +0000"
    },
    "done": true
  },
  "toms_storage:unlock_glowstone": {
    "criteria": {
      "inv_changed-glowstone": "2024-11-09 19:23:39 +0000"
    },
    "done": true
  },
  "betternether:recipes/transportation/crimson_chest_boat": {
    "criteria": {
      "has_tag_c_chest": "2024-11-09 19:34:05 +0000"
    },
    "done": true
  },
  "twigs:recipes/cobblestone_bricks/cobblestone_brick_wall_from_cobblestone_stonecutting": {
    "criteria": {
      "has_item": "2024-11-09 19:28:40 +0000"
    },
    "done": true
  },
  "croptopia:recipes/burrito": {
    "criteria": {
      "has_the_recipe": "2024-11-09 19:29:58 +0000"
    },
    "done": true
  },
  "supplementaries:recipes/flags/flag_orange": {
    "criteria": {
      "has_stick": "2024-11-09 19:28:11 +0000"
    },
    "done": true
  },
  "minecraft:story/mine_stone": {
    "criteria": {
      "get_stone": "2024-11-09 19:28:40 +0000"
    },
    "done": true
  },
  "minecraft:recipes/decorations/furnace": {
    "criteria": {
      "has_cobblestone": "2024-11-09 19:28:40 +0000"
    },
    "done": true
  },
  "handcrafted:recipes/misc/acacia_shelf": {
    "criteria": {
      "has_acacia_shelf": "2024-11-09 19:27:51 +0000"
    },
    "done": true
  },
  "betternether:recipes/decorations/crimson_bar_stool": {
    "criteria": {
      "has_stick": "2024-11-09 19:28:11 +0000"
    },
    "done": true
  },
  "techreborn:recipes/crafting_table/cable/gold_cable": {
    "criteria": {
      "has_gold_ingot": "2024-11-09 19:35:18 +0000"
    },
    "done": true
  },
  "betternether:recipes/decorations/wart_bar_stool": {
    "criteria": {
      "has_stick": "2024-11-09 19:28:11 +0000"
    },
    "done": true
  },
  "betternether:recipes/decorations/bamboo_chair": {
    "criteria": {
      "has_stick": "2024-11-09 19:28:11 +0000"
    },
    "done": true
  },
  "techreborn:recipes/centrifuge/sulfur_cell": {
    "criteria": {
      "has_sulfur": "2024-11-09 19:23:39 +0000"
    },
    "done": true
  },
  "betternether:recipes/decorations/nether_mushroom_bar_stool": {
    "criteria": {
      "has_stick": "2024-11-09 19:28:11 +0000"
    },
    "done": true
  },
  "botania:recipes/redstone/red_string_container": {
    "criteria": {
      "has_base_block": "2024-11-09 19:34:05 +0000"
    },
    "done": true
  },
  "handcrafted:recipes/misc/acacia_chair": {
    "criteria": {
      "has_acacia_chair": "2024-11-09 19:27:51 +0000"
    },
    "done": true
  },
  "advancednetherite:recipes/building_blocks/netherite_diamond_block": {
    "criteria": {
      "has_the_recipe": "2024-11-09 19:23:39 +0000"
    },
    "done": true
  },
  "archon:root": {
    "criteria": {
      "tick": "2024-11-09 19:23:39 +0000"
    },
    "done": true
  },
  "betternether:recipes/decorations/crimson_taburet": {
    "criteria": {
      "has_stick": "2024-11-09 19:28:11 +0000"
    },
    "done": true
  },
  "betterend:recipes/redstone/umbrella_tree_gate": {
    "criteria": {
      "has_stick": "2024-11-09 19:28:11 +0000"
    },
    "done": true
  },
  "betterend:recipes/decorations/lucernia_fence": {
    "criteria": {
      "has_stick": "2024-11-09 19:28:11 +0000"
    },
    "done": true
  },
  "regions_unexplored:recipes/building_blocks/black_painted_planks": {
    "criteria": {
      "has_planks": "2024-11-09 19:27:51 +0000"
    },
    "done": true
  },
  "minecraft:recipes/redstone/acacia_door": {
    "criteria": {
      "has_planks": "2024-11-09 19:27:51 +0000"
    },
    "done": true
  },
  "betternether:recipes/decorations/stalagnate_chair": {
    "criteria": {
      "has_stick": "2024-11-09 19:28:11 +0000"
    },
    "done": true
  },
  "betterend:recipes/decorations/helix_tree_bar_stool": {
    "criteria": {
      "has_stick": "2024-11-09 19:28:11 +0000"
    },
    "done": true
  },
  "handcrafted:recipes/misc/silverfish_trophy": {
    "criteria": {
      "has_silverfish_trophy": "2024-11-09 19:27:51 +0000"
    },
    "done": true
  },
  "minecraft:recipes/redstone/light_weighted_pressure_plate": {
    "criteria": {
      "has_gold_ingot": "2024-11-09 19:35:18 +0000"
    },
    "done": true
  },
  "soulsweapons:root": {
    "criteria": {
      "crafting_table": "2024-11-09 19:28:03 +0000"
    },
    "done": true
  },
  "betternether:recipes/decorations/nether_reed_sign": {
    "criteria": {
      "has_stick": "2024-11-09 19:28:11 +0000"
    },
    "done": true
  },
  "betterend:recipes/decorations/lucernia_sign": {
    "criteria": {
      "has_stick": "2024-11-09 19:28:11 +0000"
    },
    "done": true
  },
  "minecraft:recipes/food/cooked_beef_from_smoking": {
    "criteria": {
      "has_beef": "2024-11-09 19:29:58 +0000"
    },
    "done": true
  },
  "techreborn:recipes/compressor/compressed_plantball_from_plantball": {
    "criteria": {
      "has_plantball": "2024-11-09 19:23:39 +0000"
    },
    "done": true
  },
  "betterend:recipes/misc/copy_tool_assembly": {
    "criteria": {
      "has_stick": "2024-11-09 19:28:11 +0000"
    },
    "done": true
  },
  "alloy_forgery:recipes/alloy_forgery/gold_block": {
    "criteria": {
      "has_the_recipe": "2024-11-09 19:35:18 +0000"
    },
    "done": true
  },
  "betternether:recipes/decorations/nether_reed_bar_stool": {
    "criteria": {
      "has_stick": "2024-11-09 19:28:11 +0000"
    },
    "done": true
  },
  "ae2wtlib:recipes/wireless_universal_terminal/upgrade_pattern_encoding": {
    "criteria": {
      "has_wpt": "2024-11-09 19:23:39 +0000"
    },
    "done": true
  },
  "techreborn:recipes/extractor/red_dye_from_beetroot": {
    "criteria": {
      "has_beetroot": "2024-11-09 19:30:19 +0000"
    },
    "done": true
  },
  "techreborn:recipes/centrifuge/rotten_flesh": {
    "criteria": {
      "has_rotten_flesh": "2024-11-09 19:25:08 +0000"
    },
    "done": true
  },
  "techreborn:recipes/grinder/saw_small_dust_from_wooden_pickaxe": {
    "criteria": {
      "has_wooden_pickaxe": "2024-11-09 19:28:29 +0000"
    },
    "done": true
  },
  "techreborn:recipes/vacuum_freezer/helium": {
    "criteria": {
      "has_heliumplasma": "2024-11-09 19:23:39 +0000"
    },
    "done": true
  },
  "mcda:recipes/base_armors/battle_robe_chestplate": {
    "criteria": {
      "has_gold_ingot": "2024-11-09 19:35:18 +0000"
    },
    "done": true
  },
  "betterend:recipes/decorations/pythadendron_ladder": {
    "criteria": {
      "has_stick": "2024-11-09 19:28:11 +0000"
    },
    "done": true
  },
  "minecraft:recipes/misc/charcoal": {
    "criteria": {
      "has_log": "2024-11-09 19:27:07 +0000"
    },
    "done": true
  },
  "vinery:recipes/campfire": {
    "criteria": {
      "has_stick": "2024-11-09 19:28:11 +0000",
      "has_the_recipe": "2024-11-09 19:28:11 +0000"
    },
    "done": true
  },
  "minecraft:recipes/decorations/item_frame": {
    "criteria": {
      "has_leather": "2024-11-09 19:29:58 +0000"
    },
    "done": true
  },
  "the_bumblezone:root": {
    "criteria": {
      "instant_granted": "2024-11-09 19:23:39 +0000"
    },
    "done": true
  },
  "betternether:recipes/decorations/jungle_chair": {
    "criteria": {
      "has_stick": "2024-11-09 19:28:11 +0000"
    },
    "done": true
  },
  "betternether:recipes/decorations/nether_sakura_fence": {
    "criteria": {
      "has_stick": "2024-11-09 19:28:11 +0000"
    },
    "done": true
  },
  "betterend:recipes/misc/golden_hammer": {
    "criteria": {
      "has_stick": "2024-11-09 19:28:11 +0000"
    },
    "done": true
  },
  "techreborn:recipes/centrifuge/helium_cell": {
    "criteria": {
      "has_helium": "2024-11-09 19:23:39 +0000"
    },
    "done": true
  },
  "regions_unexplored:recipes/building_blocks/blue_painted_planks": {
    "criteria": {
      "has_planks": "2024-11-09 19:27:51 +0000"
    },
    "done": true
  },
  "techreborn:recipes/wire_mill/gold_cable": {
    "criteria": {
      "has_gold_ingot": "2024-11-09 19:35:18 +0000"
    },
    "done": true
  },
  "minecraft:recipes/tools/wooden_shovel": {
    "criteria": {
      "has_stick": "2024-11-09 19:28:11 +0000"
    },
    "done": true
  },
  "betterend:recipes/decorations/umbrella_tree_sign": {
    "criteria": {
      "has_stick": "2024-11-09 19:28:11 +0000"
    },
    "done": true
  },
  "supplementaries:recipes/clock_block": {
    "criteria": {
      "minecraft:planks": "2024-11-09 19:27:51 +0000"
    },
    "done": true
  },
  "mcdw:recipes/crossbows/crossbow_harp": {
    "criteria": {
      "has_gold_ingot": "2024-11-09 19:35:18 +0000"
    },
    "done": true
  },
  "croptopia:recipes/hamburger": {
    "criteria": {
      "has_beef": "2024-11-09 19:29:58 +0000"
    },
    "done": true
  },
  "betterend:recipes/decorations/end_lotus_sign": {
    "criteria": {
      "has_stick": "2024-11-09 19:28:11 +0000"
    },
    "done": true
  },
  "handcrafted:recipes/misc/acacia_couch": {
    "criteria": {
      "has_acacia_couch": "2024-11-09 19:27:51 +0000"
    },
    "done": true
  },
  "betterend:recipes/decorations/lucernia_ladder": {
    "criteria": {
      "has_stick": "2024-11-09 19:28:11 +0000"
    },
    "done": true
  },
  "betternether:recipes/decorations/nether_mushroom_taburet": {
    "criteria": {
      "has_stick": "2024-11-09 19:28:11 +0000"
    },
    "done": true
  },
  "betterend:recipes/decorations/tenanea_chair": {
    "criteria": {
      "has_stick": "2024-11-09 19:28:11 +0000"
    },
    "done": true
  },
  "bclib:recipes/redstone/tag_piston": {
    "criteria": {
      "has_tag_minecraft_planks": "2024-11-09 19:27:51 +0000"
    },
    "done": true
  },
  "minecraft:recipes/tools/stone_shovel": {
    "criteria": {
      "has_cobblestone": "2024-11-09 19:28:40 +0000"
    },
    "done": true
  },
  "betterend:recipes/misc/gold_chandelier": {
    "criteria": {
      "has_gold_ingot": "2024-11-09 19:35:18 +0000"
    },
    "done": true
  },
  "croptopia:recipes/food/toast_from_bread": {
    "criteria": {
      "has_bread": "2024-11-09 19:23:39 +0000"
    },
    "done": true
  },
  "regions_unexplored:recipes/building_blocks/gray_painted_planks": {
    "criteria": {
      "has_planks": "2024-11-09 19:27:51 +0000"
    },
    "done": true
  },
  "farmersdelight:recipes/food/nether_salad": {
    "criteria": {
      "has_bowl": "2024-11-09 19:35:27 +0000"
    },
    "done": true
  },
  "bewitchment:recipes/decorations/dragons_blood_chest": {
    "criteria": {
      "has_lots_of_items": "2024-11-09 19:28:25 +0000"
    },
    "done": true
  },
  "bewitchment:recipes/decorations/juniper_chest": {
    "criteria": {
      "has_lots_of_items": "2024-11-09 19:28:25 +0000"
    },
    "done": true
  },
  "betterend:recipes/decorations/end_lotus_chair": {
    "criteria": {
      "has_stick": "2024-11-09 19:28:11 +0000"
    },
    "done": true
  },
  "betternether:recipes/decorations/mangrove_chair": {
    "criteria": {
      "has_stick": "2024-11-09 19:28:11 +0000"
    },
    "done": true
  },
  "croptopia:recipes/stuffed_poblanos": {
    "criteria": {
      "has_beef": "2024-11-09 19:29:58 +0000"
    },
    "done": true
  },
  "advancednetherite:recipes/misc/netherite_iron_ingot_from_block": {
    "criteria": {
      "has_the_recipe": "2024-11-09 19:23:39 +0000"
    },
    "done": true
  },
  "betternether:recipes/decorations/stalagnate_ladder": {
    "criteria": {
      "has_stick": "2024-11-09 19:28:11 +0000"
    },
    "done": true
  },
  "betternether:recipes/transportation/nether_reed_chest_boat": {
    "criteria": {
      "has_tag_c_chest": "2024-11-09 19:34:05 +0000"
    },
    "done": true
  },
  "betterend:recipes/misc/copy_terminite_upgrade": {
    "criteria": {
      "has_stick": "2024-11-09 19:28:11 +0000"
    },
    "done": true
  },
  "betternether:recipes/decorations/nether_sakura_chair": {
    "criteria": {
      "has_stick": "2024-11-09 19:28:11 +0000"
    },
    "done": true
  },
  "farmersdelight:recipes/food/honey_cookie": {
    "criteria": {
      "has_honey_bottle": "2024-11-09 19:35:20 +0000"
    },
    "done": true
  },
  "betternether:recipes/redstone/nether_mushroom_gate": {
    "criteria": {
      "has_stick": "2024-11-09 19:28:11 +0000"
    },
    "done": true
  },
  "bclib:recipes/decorations/tag_smith_table": {
    "criteria": {
      "has_tag_minecraft_planks": "2024-11-09 19:27:51 +0000"
    },
    "done": true
  },
  "betternether:recipes/transportation/nether_sakura_chest_boat": {
    "criteria": {
      "has_tag_c_chest": "2024-11-09 19:34:05 +0000"
    },
    "done": true
  },
  "frostiful:recipes/combat/armor/fur_padded_chainmail_helmet": {
    "criteria": {
      "has_fur_armor": "2024-11-09 19:23:39 +0000"
    },
    "done": true
  },
  "vinery:recipes/grapevine_lattice": {
    "criteria": {
      "has_stick": "2024-11-09 19:28:11 +0000"
    },
    "done": true
  },
  "mcda:recipes/crafting_items/fabric_bolt_green": {
    "criteria": {
      "has_stick": "2024-11-09 19:28:11 +0000"
    },
    "done": true
  },
  "betternether:recipes/decorations/stalagnate_taburet": {
    "criteria": {
      "has_stick": "2024-11-09 19:28:11 +0000"
    },
    "done": true
  },
  "regions_unexplored:recipes/building_blocks/light_blue_painted_planks": {
    "criteria": {
      "has_planks": "2024-11-09 19:27:51 +0000"
    },
    "done": true
  },
  "mcda:recipes/base_armors/spelunker_armor_boots": {
    "criteria": {
      "has_leather": "2024-11-09 19:29:58 +0000"
    },
    "done": true
  },
  "mcda:recipes/base_armors/shulker_armor_chestplate": {
    "criteria": {
      "has_leather": "2024-11-09 19:29:58 +0000"
    },
    "done": true
  },
  "supplementaries:recipes/speaker_block": {
    "criteria": {
      "minecraft:planks": "2024-11-09 19:27:51 +0000"
    },
    "done": true
  },
  "betterend:recipes/decorations/mossy_glowshroom_chair": {
    "criteria": {
      "has_stick": "2024-11-09 19:28:11 +0000"
    },
    "done": true
  },
  "handcrafted:recipes/misc/fox_trophy": {
    "criteria": {
      "has_fox_trophy": "2024-11-09 19:27:51 +0000"
    },
    "done": true
  },
  "betternether:recipes/decorations/rubeus_ladder": {
    "criteria": {
      "has_stick": "2024-11-09 19:28:11 +0000"
    },
    "done": true
  },
  "betterend:recipes/misc/iron_hammer": {
    "criteria": {
      "has_stick": "2024-11-09 19:28:11 +0000"
    },
    "done": true
  },
  "handcrafted:recipes/misc/tropical_fish_trophy": {
    "criteria": {
      "has_tropical_fish_trophy": "2024-11-09 19:27:51 +0000"
    },
    "done": true
  },
  "betternether:recipes/transportation/anchor_tree_chest_boat": {
    "criteria": {
      "has_tag_c_chest": "2024-11-09 19:34:05 +0000"
    },
    "done": true
  },
  "mcdw:recipes/swords/sword_dancers_sword": {
    "criteria": {
      "has_leather": "2024-11-09 19:29:58 +0000"
    },
    "done": true
  },
  "betternether:recipes/decorations/rubeus_sign": {
    "criteria": {
      "has_stick": "2024-11-09 19:28:11 +0000"
    },
    "done": true
  },
  "handcrafted:recipes/misc/acacia_counter": {
    "criteria": {
      "has_acacia_counter": "2024-11-09 19:27:51 +0000"
    },
    "done": true
  },
  "betternether:recipes/combat/shield": {
    "criteria": {
      "has_tag_minecraft_planks": "2024-11-09 19:27:51 +0000"
    },
    "done": true
  },
  "supplementaries:recipes/flags/flag_blue": {
    "criteria": {
      "has_stick": "2024-11-09 19:28:11 +0000"
    },
    "done": true
  },
  "mcdw:recipes/bows/bow_hunting_bow": {
    "criteria": {
      "has_leather": "2024-11-09 19:29:58 +0000"
    },
    "done": true
  },
  "betterend:recipes/misc/thallasium_sword_handle": {
    "criteria": {
      "has_item.minecraft.stick": "2024-11-09 19:28:11 +0000"
    },
    "done": true
  },
  "handcrafted:recipes/misc/pufferfish_trophy": {
    "criteria": {
      "has_pufferfish_trophy": "2024-11-09 19:27:51 +0000"
    },
    "done": true
  },
  "mcda:recipes/crafting_items/fabric_bolt_white": {
    "criteria": {
      "has_stick": "2024-11-09 19:28:11 +0000"
    },
    "done": true
  },
  "betterend:recipes/decorations/jellyshroom_ladder": {
    "criteria": {
      "has_stick": "2024-11-09 19:28:11 +0000"
    },
    "done": true
  },
  "betterend:recipes/misc/copy_thallasium_upgrade": {
    "criteria": {
      "has_stick": "2024-11-09 19:28:11 +0000"
    },
    "done": true
  },
  "betternether:recipes/decorations/rubeus_fence": {
    "criteria": {
      "has_stick": "2024-11-09 19:28:11 +0000"
    },
    "done": true
  },
  "regions_unexplored:recipes/decorations/mauve_fence": {
    "criteria": {
      "has_mauve_planks": "2024-11-09 19:28:01 +0000"
    },
    "done": true
  },
  "mcda:recipes/crafting_items/fabric_bolt_pink": {
    "criteria": {
      "has_stick": "2024-11-09 19:28:11 +0000"
    },
    "done": true
  },
  "supplementaries:recipes/key": {
    "criteria": {
      "has_gold_ingot": "2024-11-09 19:35:18 +0000"
    },
    "done": true
  },
  "mcdw:recipes/daggers/dagger_the_end": {
    "criteria": {
      "has_gold_ingot": "2024-11-09 19:35:18 +0000"
    },
    "done": true
  },
  "techreborn:recipes/chemical_reactor/sodium_persulfate": {
    "criteria": {
      "has_sodium_sulfide": "2024-11-09 19:23:39 +0000"
    },
    "done": true
  },
  "techreborn:recipes/chemical_reactor/nitro_carbon": {
    "criteria": {
      "has_nitrogen": "2024-11-09 19:23:39 +0000"
    },
    "done": true
  },
  "farmersdelight:recipes/cooking/beef_stew": {
    "criteria": {
      "has_any_ingredient": "2024-11-09 19:29:58 +0000"
    },
    "done": true
  },
  "minecraft:recipes/food/cooked_mutton": {
    "criteria": {
      "has_mutton": "2024-11-09 19:35:20 +0000"
    },
    "done": true
  },
  "betternether:recipes/decorations/nether_sakura_taburet": {
    "criteria": {
      "has_stick": "2024-11-09 19:28:11 +0000"
    },
    "done": true
  },
  "bewitchment:recipes/decorations/elder_chest": {
    "criteria": {
      "has_lots_of_items": "2024-11-09 19:28:25 +0000"
    },
    "done": true
  },
  "farmersdelight:main/root": {
    "criteria": {
      "seeds": "2024-11-09 19:23:39 +0000"
    },
    "done": true
  },
  "frostiful:recipes/combat/armor/fur_padded_chainmail_chestplate": {
    "criteria": {
      "has_fur_armor": "2024-11-09 19:23:39 +0000"
    },
    "done": true
  },
  "croptopia:recipes/documentation": {
    "criteria": {
      "has_crop": "2024-11-09 19:30:19 +0000"
    },
    "done": true
  },
  "supplementaries:recipes/flags/flag_light_gray": {
    "criteria": {
      "has_stick": "2024-11-09 19:28:11 +0000"
    },
    "done": true
  },
  "betternether:recipes/decorations/stalagnate_fence": {
    "criteria": {
      "has_stick": "2024-11-09 19:28:11 +0000"
    },
    "done": true
  },
  "regions_unexplored:recipes/building_blocks/mauve_slab": {
    "criteria": {
      "has_mauve_planks": "2024-11-09 19:28:01 +0000"
    },
    "done": true
  },
  "betternether:recipes/decorations/nether_mushroom_chair": {
    "criteria": {
      "has_stick": "2024-11-09 19:28:11 +0000"
    },
    "done": true
  },
  "frostiful:recipes/combat/armor/fur_padded_chainmail_boots": {
    "criteria": {
      "has_fur_armor": "2024-11-09 19:23:39 +0000"
    },
    "done": true
  },
  "supplementaries:recipes/pulley": {
    "criteria": {
      "minecraft:planks": "2024-11-09 19:27:51 +0000"
    },
    "done": true
  },
  "betternether:recipes/decorations/anchor_tree_ladder": {
    "criteria": {
      "has_stick": "2024-11-09 19:28:11 +0000"
    },
    "done": true
  },
  "minecraft:recipes/building_blocks/cobblestone_stairs_from_cobblestone_stonecutting": {
    "criteria": {
      "has_cobblestone": "2024-11-09 19:28:40 +0000"
    },
    "done": true
  },
  "farmersdelight:recipes/decorations/cutting_board": {
    "criteria": {
      "has_stick": "2024-11-09 19:28:11 +0000"
    },
    "done": true
  },
  "betterend:recipes/decorations/umbrella_tree_taburet": {
    "criteria": {
      "has_stick": "2024-11-09 19:28:11 +0000"
    },
    "done": true
  },
  "minecraft:recipes/tools/stone_hoe": {
    "criteria": {
      "has_cobblestone": "2024-11-09 19:28:40 +0000"
    },
    "done": true
  },
  "betterdungeons:spider_dungeon": {
    "criteria": {
      "in_better_spider_dungeon": "2024-11-09 19:23:40 +0000"
    },
    "done": true
  },
  "betternether:recipes/transportation/warped_chest_boat": {
    "criteria": {
      "has_tag_c_chest": "2024-11-09 19:34:05 +0000"
    },
    "done": true
  },
  "regions_unexplored:recipes/redstone/mauve_fence_gate": {
    "criteria": {
      "has_mauve_planks": "2024-11-09 19:28:01 +0000"
    },
    "done": true
  },
  "minecraft:story/root": {
    "criteria": {
      "crafting_table": "2024-11-09 19:28:03 +0000"
    },
    "done": true
  },
  "betterend:recipes/misc/copy_leather_handle_attachment": {
    "criteria": {
      "has_leather": "2024-11-09 19:29:58 +0000"
    },
    "done": true
  },
  "regions_unexplored:recipes/misc/magenta_dye_from_fireweed": {
    "criteria": {
      "has_fireweed": "2024-11-09 19:31:43 +0000"
    },
    "done": true
  },
  "betterend:recipes/decorations/dragon_tree_sign": {
    "criteria": {
      "has_stick": "2024-11-09 19:28:11 +0000"
    },
    "done": true
  },
  "betternether:recipes/decorations/spruce_bar_stool": {
    "criteria": {
      "has_stick": "2024-11-09 19:28:11 +0000"
    },
    "done": true
  },
  "things:root": {
    "criteria": {
      "tick": "2024-11-09 19:23:39 +0000"
    },
    "done": true
  },
  "supplementaries:recipes/flags/flag_lime": {
    "criteria": {
      "has_stick": "2024-11-09 19:28:11 +0000"
    },
    "done": true
  },
  "betternether:recipes/decorations/stalagnate_bar_stool": {
    "criteria": {
      "has_stick": "2024-11-09 19:28:11 +0000"
    },
    "done": true
  },
  "minecraft:recipes/combat/golden_leggings": {
    "criteria": {
      "has_gold_ingot": "2024-11-09 19:35:18 +0000"
    },
    "done": true
  },
  "minecraft:recipes/food/cooked_beef_from_campfire_cooking": {
    "criteria": {
      "has_beef": "2024-11-09 19:29:58 +0000"
    },
    "done": true
  },
  "betterend:recipes/decorations/dragon_tree_chair": {
    "criteria": {
      "has_stick": "2024-11-09 19:28:11 +0000"
    },
    "done": true
  },
  "betternether:recipes/transportation/mushroom_fir_chest_boat": {
    "criteria": {
      "has_tag_c_chest": "2024-11-09 19:34:05 +0000"
    },
    "done": true
  },
  "minecraft:recipes/combat/leather_helmet": {
    "criteria": {
      "has_leather": "2024-11-09 19:29:58 +0000"
    },
    "done": true
  },
  "croptopia:recipes/beef_jerky": {
    "criteria": {
      "has_beef": "2024-11-09 19:29:58 +0000"
    },
    "done": true
  },
  "minecraft:recipes/decorations/ladder": {
    "criteria": {
      "has_stick": "2024-11-09 19:28:11 +0000"
    },
    "done": true
  },
  "betternether:recipes/decorations/wart_ladder": {
    "criteria": {
      "has_stick": "2024-11-09 19:28:11 +0000"
    },
    "done": true
  },
  "betterend:recipes/decorations/lacugrove_bar_stool": {
    "criteria": {
      "has_stick": "2024-11-09 19:28:11 +0000"
    },
    "done": true
  },
  "advancednetherite:recipes/building_blocks/netherite_iron_block": {
    "criteria": {
      "has_the_recipe": "2024-11-09 19:23:39 +0000"
    },
    "done": true
  },
  "croptopia:recipes/pork_jerky": {
    "criteria": {
      "has_the_recipe": "2024-11-09 19:29:58 +0000"
    },
    "done": true
  },
  "handcrafted:recipes/misc/acacia_table": {
    "criteria": {
      "has_acacia_table": "2024-11-09 19:27:51 +0000"
    },
    "done": true
  },
  "betterend:recipes/decorations/lucernia_chair": {
    "criteria": {
      "has_stick": "2024-11-09 19:28:11 +0000"
    },
    "done": true
  },
  "techreborn:recipes/centrifuge/bread": {
    "criteria": {
      "has_bread": "2024-11-09 19:23:39 +0000"
    },
    "done": true
  },
  "bclib:recipes/decorations/tag_shulker_box": {
    "criteria": {
      "has_tag_c_chest": "2024-11-09 19:34:05 +0000"
    },
    "done": true
  },
  "betternether:recipes/decorations/warped_chair": {
    "criteria": {
      "has_stick": "2024-11-09 19:28:11 +0000"
    },
    "done": true
  },
  "minecraft:story/deflect_arrow": {
    "criteria": {
      "deflected_projectile": "2024-11-09 19:25:53 +0000"
    },
    "done": true
  },
  "bewitchment:recipes/decorations/golden_witch_altar": {
    "criteria": {
      "has_item": "2024-11-09 19:35:18 +0000"
    },
    "done": true
  },
  "betterend:recipes/decorations/jellyshroom_chair": {
    "criteria": {
      "has_stick": "2024-11-09 19:28:11 +0000"
    },
    "done": true
  },
  "twigs:recipes/tables/acacia_table": {
    "criteria": {
      "has_bamboo": "2024-11-09 19:27:51 +0000"
    },
    "done": true
  },
  "techreborn:recipes/crafting_table/cable/insulated_gold_cable": {
    "criteria": {
      "has_gold": "2024-11-09 19:35:18 +0000"
    },
    "done": true
  },
  "minecraft:recipes/misc/gold_nugget": {
    "criteria": {
      "has_gold_ingot": "2024-11-09 19:35:18 +0000"
    },
    "done": true
  },
  "betternether:recipes/decorations/rubeus_taburet": {
    "criteria": {
      "has_stick": "2024-11-09 19:28:11 +0000"
    },
    "done": true
  },
  "minecraft:recipes/tools/golden_shovel": {
    "criteria": {
      "has_gold_ingot": "2024-11-09 19:35:18 +0000"
    },
    "done": true
  },
  "betterend:recipes/decorations/tenanea_taburet": {
    "criteria": {
      "has_stick": "2024-11-09 19:28:11 +0000"
    },
    "done": true
  },
  "minecraft:recipes/food/beetroot_soup": {
    "criteria": {
      "has_beetroot": "2024-11-09 19:30:19 +0000"
    },
    "done": true
  },
  "create:root": {
    "criteria": {
      "0": "2024-11-09 19:23:39 +0000"
    },
    "done": true
  },
  "regions_unexplored:recipes/building_blocks/mauve_wood": {
    "criteria": {
      "has_log": "2024-11-09 19:27:07 +0000"
    },
    "done": true
  },
  "minecraft:recipes/tools/wooden_axe": {
    "criteria": {
      "has_stick": "2024-11-09 19:28:11 +0000"
    },
    "done": true
  },
  "betternether:recipes/decorations/jungle_bar_stool": {
    "criteria": {
      "has_stick": "2024-11-09 19:28:11 +0000"
    },
    "done": true
  },
  "ae2wtlib:recipes/wireless_universal_terminal/upgrade_pattern_access": {
    "criteria": {
      "has_wit": "2024-11-09 19:23:39 +0000"
    },
    "done": true
  },
  "travelersbackpack:recipes/misc/crafting_upgrade": {
    "criteria": {
      "has_crafting_table": "2024-11-09 19:28:03 +0000"
    },
    "done": true
  },
  "minecraft:recipes/misc/stick": {
    "criteria": {
      "has_planks": "2024-11-09 19:27:51 +0000"
    },
    "done": true
  },
  "naturalist:recipes/food/cooked_egg": {
    "criteria": {
      "has_eggs": "2024-11-09 19:23:39 +0000"
    },
    "done": true
  },
  "handcrafted:recipes/misc/acacia_cupboard": {
    "criteria": {
      "has_acacia_cupboard": "2024-11-09 19:27:51 +0000"
    },
    "done": true
  },
  "mcdw:recipes/daggers/dagger_resolute_tempest_knife": {
    "criteria": {
      "has_gold_ingot": "2024-11-09 19:35:18 +0000"
    },
    "done": true
  },
  "mcdw:recipes/shields/shield_royal_guard": {
    "criteria": {
      "has_gold_ingot": "2024-11-09 19:35:18 +0000"
    },
    "done": true
  },
  "minecraft:recipes/combat/golden_chestplate": {
    "criteria": {
      "has_gold_ingot": "2024-11-09 19:35:18 +0000"
    },
    "done": true
  },
  "toms_storage:unlock_netherite": {
    "criteria": {
      "inv_changed-netherite": "2024-11-09 19:23:39 +0000"
    },
    "done": true
  },
  "travelersbackpack:recipes/misc/gold": {
    "criteria": {
      "has_gold_ingot": "2024-11-09 19:35:18 +0000"
    },
    "done": true
  },
  "betternether:recipes/decorations/anchor_tree_sign": {
    "criteria": {
      "has_stick": "2024-11-09 19:28:11 +0000"
    },
    "done": true
  },
  "handcrafted:recipes/misc/acacia_desk": {
    "criteria": {
      "has_acacia_desk": "2024-11-09 19:27:51 +0000"
    },
    "done": true
  },
  "mcdw:recipes/double_axes/double_axe_cursed": {
    "criteria": {
      "has_rotten_flesh": "2024-11-09 19:25:08 +0000"
    },
    "done": true
  },
  "seasonsextras:recipes/tinted_greenhouse_glass": {
    "criteria": {
      "has_glass": "2024-11-09 19:23:39 +0000"
    },
    "done": true
  },
  "minecraft:recipes/misc/leather_horse_armor": {
    "criteria": {
      "has_leather": "2024-11-09 19:29:58 +0000"
    },
    "done": true
  },
  "toms_storage:unlock_chest": {
    "criteria": {
      "inv_changed-chest": "2024-11-09 19:23:39 +0000"
    },
    "done": true
  },
  "betterend:recipes/decorations/jellyshroom_sign": {
    "criteria": {
      "has_stick": "2024-11-09 19:28:11 +0000"
    },
    "done": true
  },
  "betternether:recipes/decorations/birch_taburet": {
    "criteria": {
      "has_stick": "2024-11-09 19:28:11 +0000"
    },
    "done": true
  },
  "handcrafted:recipes/misc/acacia_dining_bench": {
    "criteria": {
      "has_acacia_dining_bench": "2024-11-09 19:27:51 +0000"
    },
    "done": true
  },
  "mcda:recipes/base_armors/spelunker_armor_helmet": {
    "criteria": {
      "has_leather": "2024-11-09 19:29:58 +0000"
    },
    "done": true
  },
  "betternether:recipes/redstone/stalagnate_gate": {
    "criteria": {
      "has_stick": "2024-11-09 19:28:11 +0000"
    },
    "done": true
  },
  "betternether:recipes/decorations/nether_reed_ladder": {
    "criteria": {
      "has_stick": "2024-11-09 19:28:11 +0000"
    },
    "done": true
  },
  "create:recipes/building_blocks/acacia_window": {
    "criteria": {
      "has_ingredient": "2024-11-09 19:27:51 +0000"
    },
    "done": true
  },
  "betterend:recipes/decorations/helix_tree_ladder": {
    "criteria": {
      "has_stick": "2024-11-09 19:28:11 +0000"
    },
    "done": true
  },
  "betterend:recipes/decorations/lacugrove_sign": {
    "criteria": {
      "has_stick": "2024-11-09 19:28:11 +0000"
    },
    "done": true
  },
  "minecraft:recipes/decorations/campfire": {
    "criteria": {
      "has_stick": "2024-11-09 19:28:11 +0000"
    },
    "done": true
  },
  "frostiful:recipes/combat/armor/armored_ice_skates": {
    "criteria": {
      "has_fur_boots": "2024-11-09 19:23:39 +0000"
    },
    "done": true
  },
  "betternether:recipes/decorations/oak_chair": {
    "criteria": {
      "has_stick": "2024-11-09 19:28:11 +0000"
    },
    "done": true
  },
  "betterend:recipes/decorations/end_lotus_taburet": {
    "criteria": {
      "has_stick": "2024-11-09 19:28:11 +0000"
    },
    "done": true
  },
  "ae2wtlib:recipes/wireless_pattern_access_terminal": {
    "criteria": {
      "has_wt": "2024-11-09 19:23:39 +0000"
    },
    "done": true
  },
  "mcdw:recipes/bows/bow_sabrewing": {
    "criteria": {
      "has_gold_ingot": "2024-11-09 19:35:18 +0000"
    },
    "done": true
  },
  "minecraft:recipes/combat/golden_sword": {
    "criteria": {
      "has_gold_ingot": "2024-11-09 19:35:18 +0000"
    },
    "done": true
  },
  "naturescompass:natures_compass_sapling": {
    "criteria": {
      "has_recipe": "2024-11-09 19:27:07 +0000"
    },
    "done": true
  },
  "mcdw:recipes/bows/bow_echo_of_the_valley": {
    "criteria": {
      "has_gold_ingot": "2024-11-09 19:35:18 +0000"
    },
    "done": true
  },
  "betterend:recipes/decorations/dragon_tree_bar_stool": {
    "criteria": {
      "has_stick": "2024-11-09 19:28:11 +0000"
    },
    "done": true
  },
  "betternether:recipes/decorations/bamboo_bar_stool": {
    "criteria": {
      "has_stick": "2024-11-09 19:28:11 +0000"
    },
    "done": true
  },
  "supplementaries:recipes/flags/flag_black": {
    "criteria": {
      "has_stick": "2024-11-09 19:28:11 +0000"
    },
    "done": true
  },
  "betternether:recipes/decorations/mushroom_fir_taburet": {
    "criteria": {
      "has_stick": "2024-11-09 19:28:11 +0000"
    },
    "done": true
  },
  "mcda:recipes/base_armors/evocation_robe_leggings": {
    "criteria": {
      "has_gold_ingot": "2024-11-09 19:35:18 +0000"
    },
    "done": true
  },
  "farmersdelight:recipes/cooking/beetroot_soup": {
    "criteria": {
      "has_beetroot": "2024-11-09 19:30:19 +0000"
    },
    "done": true
  },
  "techreborn:recipes/centrifuge/deuterium_cell": {
    "criteria": {
      "has_deuterium": "2024-11-09 19:23:39 +0000"
    },
    "done": true
  },
  "minecraft:recipes/decorations/cobblestone_wall_from_cobblestone_stonecutting": {
    "criteria": {
      "has_cobblestone": "2024-11-09 19:28:40 +0000"
    },
    "done": true
  },
  "frostiful:recipes/misc/snowflake_banner_pattern": {
    "criteria": {
      "has_packed_snowball": "2024-11-09 19:23:39 +0000"
    },
    "done": true
  },
  "betternether:recipes/decorations/mushroom_fir_sign": {
    "criteria": {
      "has_stick": "2024-11-09 19:28:11 +0000"
    },
    "done": true
  },
  "supplementaries:recipes/flags/flag_purple": {
    "criteria": {
      "has_stick": "2024-11-09 19:28:11 +0000"
    },
    "done": true
  },
  "mcdw:recipes/bows/bow_burst_gale_bow": {
    "criteria": {
      "has_gold_ingot": "2024-11-09 19:35:18 +0000"
    },
    "done": true
  },
  "regions_unexplored:got_wood": {
    "criteria": {
      "mauve_log": "2024-11-09 19:27:07 +0000"
    },
    "done": false
  },
  "regions_unexplored:recipes/building_blocks/red_painted_planks": {
    "criteria": {
      "has_planks": "2024-11-09 19:27:51 +0000"
    },
    "done": true
  },
  "minecraft:recipes/redstone/lever": {
    "criteria": {
      "has_cobblestone": "2024-11-09 19:28:40 +0000"
    },
    "done": true
  },
  "farmersdelight:recipes/cooking/dog_food": {
    "criteria": {
      "has_any_ingredient": "2024-11-09 19:25:08 +0000"
    },
    "done": true
  },
  "regions_unexplored:recipes/decorations/mauve_branch_from_mauve_log": {
    "criteria": {
      "has_log": "2024-11-09 19:27:07 +0000"
    },
    "done": true
  },
  "betterend:recipes/misc/leather_wrapped_stick": {
    "criteria": {
      "has_stick": "2024-11-09 19:28:11 +0000"
    },
    "done": true
  },
  "vinery:recipes/acacia_wine_rack_big": {
    "criteria": {
      "has_acacia_planks": "2024-11-09 19:27:51 +0000"
    },
    "done": true
  },
  "minecraft:recipes/redstone/acacia_pressure_plate": {
    "criteria": {
      "has_planks": "2024-11-09 19:27:51 +0000"
    },
    "done": true
  },
  "advancednetherite:recipes/building_blocks/netherite_emerald_block": {
    "criteria": {
      "has_the_recipe": "2024-11-09 19:23:39 +0000"
    },
    "done": true
  },
  "betterend:recipes/decorations/dragon_tree_fence": {
    "criteria": {
      "has_stick": "2024-11-09 19:28:11 +0000"
    },
    "done": true
  },
  "supplementaries:recipes/flags/flag_gray": {
    "criteria": {
      "has_stick": "2024-11-09 19:28:11 +0000"
    },
    "done": true
  },
  "mcda:recipes/crafting_items/glut_charm": {
    "criteria": {
      "has_rotten_flesh": "2024-11-09 19:25:08 +0000"
    },
    "done": true
  },
  "vinery:recipes/cherry_fence_gate": {
    "criteria": {
      "has_stick": "2024-11-09 19:28:11 +0000"
    },
    "done": true
  },
  "supplementaries:recipes/gold_trapdoor": {
    "criteria": {
      "has_gold_ingot": "2024-11-09 19:35:18 +0000"
    },
    "done": true
  },
  "techreborn:recipes/crafting_table/tool/treetap": {
    "criteria": {
      "has_planks": "2024-11-09 19:27:51 +0000"
    },
    "done": true
  },
  "regions_unexplored:recipes/building_blocks/mauve_planks": {
    "criteria": {
      "has_logs": "2024-11-09 19:27:07 +0000"
    },
    "done": true
  },
  "mcdw:recipes/daggers/dagger_chill_gale_knife": {
    "criteria": {
      "has_gold_ingot": "2024-11-09 19:35:18 +0000"
    },
    "done": true
  },
  "supplementaries:recipes/bed_from_feather_block": {
    "criteria": {
      "minecraft:planks": "2024-11-09 19:27:51 +0000"
    },
    "done": true
  },
  "supplementaries:recipes/checker": {
    "criteria": {
      "has_cobblestone": "2024-11-09 19:28:40 +0000"
    },
    "done": true
  },
  "regions_unexplored:recipes/building_blocks/light_gray_painted_planks": {
    "criteria": {
      "has_planks": "2024-11-09 19:27:51 +0000"
    },
    "done": true
  },
  "seasonsextras:recipes/greenhouse_glass": {
    "criteria": {
      "has_glass": "2024-11-09 19:23:39 +0000"
    },
    "done": true
  },
  "betterend:recipes/decorations/tenanea_fence": {
    "criteria": {
      "has_stick": "2024-11-09 19:28:11 +0000"
    },
    "done": true
  },
  "techreborn:recipes/industrial_sawmill/saw_small_dust_from_bowl": {
    "criteria": {
      "has_bowl": "2024-11-09 19:35:27 +0000"
    },
    "done": true
  },
  "twigs:recipes/cobblestone_bricks/cobblestone_brick_slab_from_cobblestone_stonecutting": {
    "criteria": {
      "has_item": "2024-11-09 19:28:40 +0000"
    },
    "done": true
  },
  "mcdw:recipes/swords/sword_broken_sawblade": {
    "criteria": {
      "has_gold_ingot": "2024-11-09 19:35:18 +0000"
    },
    "done": true
  },
  "betterend:recipes/redstone/helix_tree_gate": {
    "criteria": {
      "has_stick": "2024-11-09 19:28:11 +0000"
    },
    "done": true
  },
  "mythicmobs:mythicmobs": {
    "criteria": {
      "tick": "2024-11-09 19:23:39 +0000"
    },
    "done": true
  },
  "betternether:recipes/decorations/spruce_taburet": {
    "criteria": {
      "has_stick": "2024-11-09 19:28:11 +0000"
    },
    "done": true
  },
  "betterend:recipes/decorations/pythadendron_sign": {
    "criteria": {
      "has_stick": "2024-11-09 19:28:11 +0000"
    },
    "done": true
  },
  "minecraft:recipes/misc/sugar_from_honey_bottle": {
    "criteria": {
      "has_honey_bottle": "2024-11-09 19:35:20 +0000"
    },
    "done": true
  },
  "betternether:recipes/decorations/wart_taburet": {
    "criteria": {
      "has_stick": "2024-11-09 19:28:11 +0000"
    },
    "done": true
  },
  "regions_unexplored:recipes/building_blocks/yellow_painted_planks": {
    "criteria": {
      "has_planks": "2024-11-09 19:27:51 +0000"
    },
    "done": true
  },
  "supplementaries:recipes/flags/flag_light_blue": {
    "criteria": {
      "has_stick": "2024-11-09 19:28:11 +0000"
    },
    "done": true
  },
  "minecraft:recipes/redstone/honey_block": {
    "criteria": {
      "has_honey_bottle": "2024-11-09 19:35:20 +0000"
    },
    "done": true
  },
  "twigs:recipes/cobblestone_bricks/cobblestone_bricks": {
    "criteria": {
      "has_item": "2024-11-09 19:28:40 +0000"
    },
    "done": true
  },
  "betterend:recipes/misc/copy_handle_attachment": {
    "criteria": {
      "has_stick": "2024-11-09 19:28:11 +0000"
    },
    "done": true
  },
  "betternether:recipes/decorations/willow_sign": {
    "criteria": {
      "has_stick": "2024-11-09 19:28:11 +0000"
    },
    "done": true
  },
  "frostiful:recipes/combat/armor/fur_padded_chainmail_leggings": {
    "criteria": {
      "has_fur_armor": "2024-11-09 19:23:39 +0000"
    },
    "done": true
  },
  "mcdw:recipes/gauntlets/gauntlet_maulers": {
    "criteria": {
      "has_leather": "2024-11-09 19:29:58 +0000"
    },
    "done": true
  },
  "betterend:recipes/redstone/end_lotus_gate": {
    "criteria": {
      "has_stick": "2024-11-09 19:28:11 +0000"
    },
    "done": true
  },
  "mcda:recipes/crafting_items/fabric_bolt_cyan": {
    "criteria": {
      "has_stick": "2024-11-09 19:28:11 +0000"
    },
    "done": true
  },
  "supplementaries:husbandry/sus_stew": {
    "criteria": {
      "stew": "2024-11-09 19:35:27 +0000"
    },
    "done": true
  },
  "vinery:main/root": {
    "criteria": {
      "seeds": "2024-11-09 19:23:39 +0000"
    },
    "done": true
  },
  "handcrafted:recipes/misc/spider_trophy": {
    "criteria": {
      "has_spider_trophy": "2024-11-09 19:27:51 +0000"
    },
    "done": true
  },
  "supplementaries:recipes/sign_post_acacia": {
    "criteria": {
      "has_the_recipe": "2024-11-09 19:27:51 +0000"
    },
    "done": true
  },
  "mcda:recipes/base_armors/spelunker_armor_leggings": {
    "criteria": {
      "has_leather": "2024-11-09 19:29:58 +0000"
    },
    "done": true
  },
  "betterend:recipes/misc/terminite_sword_handle": {
    "criteria": {
      "has_item.minecraft.stick": "2024-11-09 19:28:11 +0000"
    },
    "done": true
  },
  "advancednetherite:recipes/misc/netherite_emerald_ingot_from_block": {
    "criteria": {
      "has_the_recipe": "2024-11-09 19:23:39 +0000"
    },
    "done": true
  },
  "advancednetherite:recipes/netherite_iron_block": {
    "criteria": {
      "has_ingredients": "2024-11-09 19:23:39 +0000"
    },
    "done": true
  },
  "dungeons_arise:find_mushroom_village": {
    "criteria": {
      "location0": "2024-11-09 19:25:17 +0000"
    },
    "done": true
  },
  "betternether:recipes/decorations/acacia_bar_stool": {
    "criteria": {
      "has_stick": "2024-11-09 19:28:11 +0000"
    },
    "done": true
  },
  "mcda:recipes/base_armors/ghostly_chestplate": {
    "criteria": {
      "has_leather": "2024-11-09 19:29:58 +0000"
    },
    "done": true
  },
  "mcdw:recipes/whips/whip_whip": {
    "criteria": {
      "has_leather": "2024-11-09 19:29:58 +0000"
    },
    "done": true
  },
  "betternether:recipes/decorations/nether_reed_chair": {
    "criteria": {
      "has_stick": "2024-11-09 19:28:11 +0000"
    },
    "done": true
  },
  "techreborn:recipes/chemical_reactor/glyceryl": {
    "criteria": {
      "has_nitro_carbon": "2024-11-09 19:23:39 +0000"
    },
    "done": true
  },
  "advancednetherite:recipes/netherite_ingots": {
    "criteria": {
      "has_ingredients": "2024-11-09 19:23:39 +0000"
    },
    "done": true
  },
  "mcdw:recipes/glaives/spear_grave_bane": {
    "criteria": {
      "has_gold_ingot": "2024-11-09 19:35:18 +0000"
    },
    "done": true
  },
  "seasonsextras:recipes/seasonal_compendium": {
    "criteria": {
      "has_sapling": "2024-11-09 19:27:07 +0000"
    },
    "done": true
  },
  "betternether:recipes/decorations/jungle_taburet": {
    "criteria": {
      "has_stick": "2024-11-09 19:28:11 +0000"
    },
    "done": true
  },
  "techreborn:recipes/fusion_reactor/platinum_dust": {
    "criteria": {
      "has_beryllium": "2024-11-09 19:23:39 +0000",
      "has_wolframium": "2024-11-09 19:23:39 +0000"
    },
    "done": true
  },
  "techreborn:recipes/blast_furnace/silicon_plate": {
    "criteria": {
      "has_silicon": "2024-11-09 19:23:39 +0000"
    },
    "done": true
  },
  "betternether:recipes/decorations/nether_mushroom_fence": {
    "criteria": {
      "has_stick": "2024-11-09 19:28:11 +0000"
    },
    "done": true
  },
  "betternether:recipes/decorations/rubeus_bar_stool": {
    "criteria": {
      "has_stick": "2024-11-09 19:28:11 +0000"
    },
    "done": true
  },
  "toms_storage:unlock_dia_pearl": {
    "criteria": {
      "inv_changed-ender_pearl": "2024-11-09 19:23:39 +0000",
      "inv_changed-diamond": "2024-11-09 19:23:39 +0000"
    },
    "done": true
  },
  "minecraft:recipes/food/cooked_mutton_from_campfire_cooking": {
    "criteria": {
      "has_mutton": "2024-11-09 19:35:20 +0000"
    },
    "done": true
  },
  "techreborn:recipes/chemical_reactor/nitrogen_dioxide": {
    "criteria": {
      "has_nitrogen": "2024-11-09 19:23:39 +0000"
    },
    "done": true
  },
  "betterdungeons:all_dungeons": {
    "criteria": {
      "in_better_spider_dungeon": "2024-11-09 19:23:40 +0000"
    },
    "done": false
  },
  "croptopia:recipes/misc/beetroot_salad": {
    "criteria": {
      "has_beetroot": "2024-11-09 19:30:19 +0000"
    },
    "done": true
  },
  "farmersdelight:recipes/cooking/ratatouille": {
    "criteria": {
      "has_any_ingredient": "2024-11-09 19:30:19 +0000"
    },
    "done": true
  },
  "betternether:recipes/decorations/spruce_chair": {
    "criteria": {
      "has_stick": "2024-11-09 19:28:11 +0000"
    },
    "done": true
  },
  "techreborn:recipes/compressor/gold_plate": {
    "criteria": {
      "has_gold_ingot": "2024-11-09 19:35:18 +0000"
    },
    "done": true
  },
  "supplementaries:recipes/flags/flag_red": {
    "criteria": {
      "has_stick": "2024-11-09 19:28:11 +0000"
    },
    "done": true
  },
  "minecraft:adventure/kill_a_mob": {
    "criteria": {
      "minecraft:zombie": "2024-11-09 19:25:04 +0000"
    },
    "done": true
  },
  "techreborn:recipes/compressor/compressed_plantball": {
    "criteria": {
      "has_plantball_material": "2024-11-09 19:27:07 +0000"
    },
    "done": true
  },
  "travelersbackpack:recipes/misc/gold_tier_upgrade": {
    "criteria": {
      "has_gold_ingot": "2024-11-09 19:35:18 +0000"
    },
    "done": true
  },
  "betternether:recipes/decorations/mangrove_taburet": {
    "criteria": {
      "has_stick": "2024-11-09 19:28:11 +0000"
    },
    "done": true
  },
  "minecraft:recipes/tools/golden_hoe": {
    "criteria": {
      "has_gold_ingot": "2024-11-09 19:35:18 +0000"
    },
    "done": true
  },
  "betternether:recipes/transportation/activator_rail": {
    "criteria": {
      "has_stick": "2024-11-09 19:28:11 +0000"
    },
    "done": true
  },
  "betternether:recipes/decorations/cherry_chair": {
    "criteria": {
      "has_stick": "2024-11-09 19:28:11 +0000"
    },
    "done": true
  },
  "betternether:recipes/redstone/willow_gate": {
    "criteria": {
      "has_stick": "2024-11-09 19:28:11 +0000"
    },
    "done": true
  },
  "techreborn:recipes/industrial_sawmill/saw_dust_from_planks": {
    "criteria": {
      "has_tag_minecraft_planks": "2024-11-09 19:27:51 +0000"
    },
    "done": true
  },
  "farmersdelight:recipes/cooking/vegetable_soup": {
    "criteria": {
      "has_any_ingredient": "2024-11-09 19:30:19 +0000"
    },
    "done": true
  },
  "mcda:recipes/crafting_items/fabric_bolt_light_gray": {
    "criteria": {
      "has_stick": "2024-11-09 19:28:11 +0000"
    },
    "done": true
  },
  "betterend:recipes/decorations/mossy_glowshroom_taburet": {
    "criteria": {
      "has_stick": "2024-11-09 19:28:11 +0000"
    },
    "done": true
  },
  "betterend:recipes/decorations/mossy_glowshroom_fence": {
    "criteria": {
      "has_stick": "2024-11-09 19:28:11 +0000"
    },
    "done": true
  },
  "techreborn:recipes/centrifuge/raw_meat": {
    "criteria": {
      "has_raw_meat": "2024-11-09 19:29:58 +0000"
    },
    "done": true
  },
  "betternether:recipes/transportation/rubeus_chest_boat": {
    "criteria": {
      "has_tag_c_chest": "2024-11-09 19:34:05 +0000"
    },
    "done": true
  },
  "handcrafted:recipes/misc/wither_skeleton_trophy": {
    "criteria": {
      "has_wither_skeleton_trophy": "2024-11-09 19:27:51 +0000"
    },
    "done": true
  },
  "betternether:recipes/decorations/taburet_cincinnasite": {
    "criteria": {
      "has_stick": "2024-11-09 19:28:11 +0000"
    },
    "done": true
  },
  "regions_unexplored:recipes/building_blocks/lime_painted_planks": {
    "criteria": {
      "has_planks": "2024-11-09 19:27:51 +0000"
    },
    "done": true
  },
  "travelersbackpack:recipes/misc/bee": {
    "criteria": {
      "has_honey_bottle": "2024-11-09 19:35:20 +0000"
    },
    "done": true
  },
  "mcda:recipes/base_armors/vanguard_armor_helmet": {
    "criteria": {
      "has_gold_ingot": "2024-11-09 19:35:18 +0000"
    },
    "done": true
  },
  "rpg_series:root": {
    "criteria": {
      "always": "2024-11-09 19:23:39 +0000"
    },
    "done": true
  },
  "betternether:recipes/decorations/willow_taburet": {
    "criteria": {
      "has_stick": "2024-11-09 19:28:11 +0000"
    },
    "done": true
  },
  "betternether:recipes/decorations/birch_bar_stool": {
    "criteria": {
      "has_stick": "2024-11-09 19:28:11 +0000"
    },
    "done": true
  },
  "mcda:recipes/crafting_items/fabric_bolt_light_blue": {
    "criteria": {
      "has_stick": "2024-11-09 19:28:11 +0000"
    },
    "done": true
  },
  "betternether:recipes/transportation/stalagnate_chest_boat": {
    "criteria": {
      "has_tag_c_chest": "2024-11-09 19:34:05 +0000"
    },
    "done": true
  },
  "techreborn:recipes/centrifuge/calcium_carbonate_cell": {
    "criteria": {
      "has_calcium_carbonate": "2024-11-09 19:23:39 +0000"
    },
    "done": true
  },
  "betterend:recipes/decorations/lacugrove_ladder": {
    "criteria": {
      "has_stick": "2024-11-09 19:28:11 +0000"
    },
    "done": true
  },
  "minecraft:recipes/tools/golden_pickaxe": {
    "criteria": {
      "has_gold_ingot": "2024-11-09 19:35:18 +0000"
    },
    "done": true
  },
  "betternether:recipes/redstone/piston": {
    "criteria": {
      "has_tag_minecraft_planks": "2024-11-09 19:27:51 +0000"
    },
    "done": true
  },
  "betternether:recipes/decorations/wart_fence": {
    "criteria": {
      "has_stick": "2024-11-09 19:28:11 +0000"
    },
    "done": true
  },
  "croptopia:recipes/food/beef_jerky": {
    "criteria": {
      "has_the_recipe": "2024-11-09 19:29:58 +0000"
    },
    "done": true
  },
  "betternether:recipes/decorations/chair_cincinnasite": {
    "criteria": {
      "has_stick": "2024-11-09 19:28:11 +0000"
    },
    "done": true
  },
  "advancednetherite:recipes/misc/netherite_diamond_ingot_from_block": {
    "criteria": {
      "has_the_recipe": "2024-11-09 19:23:39 +0000"
    },
    "done": true
  },
  "ae2wtlib:recipes/magnet_card": {
    "criteria": {
      "has_wct": "2024-11-09 19:23:39 +0000"
    },
    "done": true
  },
  "techreborn:recipes/chemical_reactor/nitrofuel": {
    "criteria": {
      "has_oil": "2024-11-09 19:23:39 +0000",
      "has_nitrogen": "2024-11-09 19:23:39 +0000"
    },
    "done": true
  },
  "supplementaries:recipes/lock_block": {
    "criteria": {
      "minecraft:planks": "2024-11-09 19:27:51 +0000"
    },
    "done": true
  },
  "create:recipes/misc/crafting/appliances/crafting_blueprint": {
    "criteria": {
      "has_item": "2024-11-09 19:28:03 +0000"
    },
    "done": true
  },
  "vinery:recipes/acacia_wine_rack_small": {
    "criteria": {
      "has_acacia_planks": "2024-11-09 19:27:51 +0000"
    },
    "done": true
  },
  "croptopia:recipes/shaped_beef_stew": {
    "criteria": {
      "has_beef": "2024-11-09 19:29:58 +0000"
    },
    "done": true
  },
  "betternether:recipes/decorations/willow_fence": {
    "criteria": {
      "has_stick": "2024-11-09 19:28:11 +0000"
    },
    "done": true
  },
  "minecraft:recipes/building_blocks/cobblestone_slab_from_cobblestone_stonecutting": {
    "criteria": {
      "has_cobblestone": "2024-11-09 19:28:40 +0000"
    },
    "done": true
  },
  "bewitchment:recipes/food/grotesque_stew": {
    "criteria": {
      "has_item": "2024-11-09 19:35:27 +0000"
    },
    "done": true
  },
  "minecraft:adventure/kill_all_mobs": {
    "criteria": {
      "minecraft:skeleton": "2024-11-09 19:26:04 +0000",
      "minecraft:piglin_brute": "2024-11-09 19:32:44 +0000",
      "minecraft:piglin": "2024-11-09 19:33:08 +0000",
      "minecraft:zombie": "2024-11-09 19:25:04 +0000"
    },
    "done": false
  },
  "betternether:recipes/decorations/birch_chair": {
    "criteria": {
      "has_stick": "2024-11-09 19:28:11 +0000"
    },
    "done": true
  },
  "techreborn:recipes/chemical_reactor/water": {
    "criteria": {
      "has_hydrogen": "2024-11-09 19:23:39 +0000",
      "has_compressed_air": "2024-11-09 19:23:39 +0000"
    },
    "done": true
  },
  "minecraft:recipes/building_blocks/stone": {
    "criteria": {
      "has_cobblestone": "2024-11-09 19:28:40 +0000"
    },
    "done": true
  },
  "seasonsextras:recipes/season_detector": {
    "criteria": {
      "has_detector": "2024-11-09 19:23:39 +0000"
    },
    "done": true
  },
  "techreborn:recipes/centrifuge/beetroot": {
    "criteria": {
      "has_beetroot": "2024-11-09 19:30:19 +0000"
    },
    "done": true
  },
  "decorative_blocks:recipes/decorative_blocks.general/acacia_support": {
    "criteria": {
      "has_plank": "2024-11-09 19:27:51 +0000"
    },
    "done": true
  },
  "mcdw:recipes/bows/bow_bubble_burster": {
    "criteria": {
      "has_gold_ingot": "2024-11-09 19:35:18 +0000"
    },
    "done": true
  },
  "handcrafted:recipes/misc/salmon_trophy": {
    "criteria": {
      "has_salmon_trophy": "2024-11-09 19:27:51 +0000"
    },
    "done": true
  },
  "betternether:recipes/decorations/wart_sign": {
    "criteria": {
      "has_stick": "2024-11-09 19:28:11 +0000"
    },
    "done": true
  },
  "croptopia:recipes/food/pork_jerky": {
    "criteria": {
      "has_the_recipe": "2024-11-09 19:29:58 +0000"
    },
    "done": true
  },
  "techreborn:recipes/chemical_reactor/nitrocoal_fuel": {
    "criteria": {
      "has_glyceryl": "2024-11-09 19:23:39 +0000"
    },
    "done": true
  },
  "mcda:recipes/base_armors/battle_robe_leggings": {
    "criteria": {
      "has_gold_ingot": "2024-11-09 19:35:18 +0000"
    },
    "done": true
  },
  "betterend:recipes/decorations/jellyshroom_fence": {
    "criteria": {
      "has_stick": "2024-11-09 19:28:11 +0000"
    },
    "done": true
  },
  "regions_unexplored:recipes/redstone/mauve_button": {
    "criteria": {
      "has_mauve_planks": "2024-11-09 19:28:01 +0000"
    },
    "done": true
  },
  "handcrafted:recipes/misc/acacia_corner_trim": {
    "criteria": {
      "has_acacia_corner_trim": "2024-11-09 19:27:51 +0000"
    },
    "done": true
  },
  "croptopia:recipes/misc/mortar_and_pestle": {
    "criteria": {
      "has_bowl": "2024-11-09 19:35:27 +0000"
    },
    "done": true
  },
  "mcda:recipes/crafting_items/fabric_bolt_blue": {
    "criteria": {
      "has_stick": "2024-11-09 19:28:11 +0000"
    },
    "done": true
  },
  "seasonsextras:recipes/crop_season_tester": {
    "criteria": {
      "has_iron": "2024-11-09 19:23:39 +0000"
    },
    "done": true
  },
  "lootr:social": {
    "criteria": {
      "opened_barrel": "2024-11-09 19:35:17 +0000"
    },
    "done": false
  },
  "techreborn:recipes/centrifuge/lava_cell": {
    "criteria": {
      "has_lava": "2024-11-09 19:23:39 +0000"
    },
    "done": true
  },
  "techreborn:recipes/chemical_reactor/sulfuric_acid": {
    "criteria": {
      "has_sulfur": "2024-11-09 19:23:39 +0000"
    },
    "done": true
  },
  "mcda:recipes/crafting_items/fabric_bolt_lime": {
    "criteria": {
      "has_stick": "2024-11-09 19:28:11 +0000"
    },
    "done": true
  },
  "advancednetherite:recipes/building_blocks/netherite_gold_block": {
    "criteria": {
      "has_the_recipe": "2024-11-09 19:23:39 +0000"
    },
    "done": true
  },
  "supplementaries:recipes/flags/flag_pink": {
    "criteria": {
      "has_stick": "2024-11-09 19:28:11 +0000"
    },
    "done": true
  },
  "ae2wtlib:recipes/wireless_universal_terminal/ce": {
    "criteria": {
      "has_wpt": "2024-11-09 19:23:39 +0000",
      "has_wct": "2024-11-09 19:23:39 +0000"
    },
    "done": true
  },
  "minecraft:recipes/tools/stone_pickaxe": {
    "criteria": {
      "has_cobblestone": "2024-11-09 19:28:40 +0000"
    },
    "done": true
  },
  "ae2wtlib:recipes/wireless_universal_terminal/ca": {
    "criteria": {
      "has_wit": "2024-11-09 19:23:39 +0000",
      "has_wct": "2024-11-09 19:23:39 +0000"
    },
    "done": true
  },
  "dungeons_arise:wda_root": {
    "criteria": {
      "WDA": "2024-11-09 19:23:39 +0000"
    },
    "done": true
  },
  "betternether:recipes/decorations/acacia_taburet": {
    "criteria": {
      "has_stick": "2024-11-09 19:28:11 +0000"
    },
    "done": true
  },
  "minecraft:recipes/misc/red_dye_from_beetroot": {
    "criteria": {
      "has_beetroot": "2024-11-09 19:30:19 +0000"
    },
    "done": true
  },
  "minecraft:recipes/tools/wooden_hoe": {
    "criteria": {
      "has_stick": "2024-11-09 19:28:11 +0000"
    },
    "done": true
  },
  "betterend:recipes/decorations/pythadendron_chair": {
    "criteria": {
      "has_stick": "2024-11-09 19:28:11 +0000"
    },
    "done": true
  },
  "ae2wtlib:recipes/wireless_universal_terminal/ae": {
    "criteria": {
      "has_wit": "2024-11-09 19:23:39 +0000",
      "has_wpt": "2024-11-09 19:23:39 +0000"
    },
    "done": true
  },
  "botania:recipes/tools/lexicon": {
    "criteria": {
      "has_item": "2024-11-09 19:27:07 +0000"
    },
    "done": true
  },
  "betternether:recipes/decorations/mushroom_fir_fence": {
    "criteria": {
      "has_stick": "2024-11-09 19:28:11 +0000"
    },
    "done": true
  },
  "betterend:recipes/decorations/umbrella_tree_chair": {
    "criteria": {
      "has_stick": "2024-11-09 19:28:11 +0000"
    },
    "done": true
  },
  "vinery:recipes/vinemaker_leggings": {
    "criteria": {
      "has_gold_ingot": "2024-11-09 19:35:18 +0000"
    },
    "done": true
  },
  "naturescompass:natures_compass_log": {
    "criteria": {
      "has_log": "2024-11-09 19:27:07 +0000"
    },
    "done": true
  },
  "netherdepthsupgrade:recipes/food/nether_salad": {
    "criteria": {
      "has_bowl": "2024-11-09 19:35:27 +0000"
    },
    "done": true
  },
  "advancednetherite:recipes/misc/netherite_gold_ingot": {
    "criteria": {
      "has_the_recipe": "2024-11-09 19:23:39 +0000"
    },
    "done": true
  },
  "betternether:recipes/redstone/anchor_tree_gate": {
    "criteria": {
      "has_stick": "2024-11-09 19:28:11 +0000"
    },
    "done": true
  },
  "betterend:recipes/decorations/dragon_tree_ladder": {
    "criteria": {
      "has_stick": "2024-11-09 19:28:11 +0000"
    },
    "done": true
  },
  "betternether:recipes/decorations/mushroom_fir_ladder": {
    "criteria": {
      "has_stick": "2024-11-09 19:28:11 +0000"
    },
    "done": true
  },
  "supplementaries:recipes/candy": {
    "criteria": {
      "has_honey_bottle": "2024-11-09 19:35:20 +0000"
    },
    "done": true
  },
  "betternether:recipes/decorations/nether_sakura_ladder": {
    "criteria": {
      "has_stick": "2024-11-09 19:28:11 +0000"
    },
    "done": true
  },
  "minecraft:adventure/root": {
    "criteria": {
      "killed_something": "2024-11-09 19:25:04 +0000"
    },
    "done": true
  },
  "bewitchment:recipes/decorations/golden_candelabra": {
    "criteria": {
      "has_item": "2024-11-09 19:35:18 +0000"
    },
    "done": true
  },
  "minecraft:recipes/decorations/barrel": {
    "criteria": {
      "has_planks": "2024-11-09 19:27:51 +0000"
    },
    "done": true
  },
  "betternether:recipes/redstone/nether_sakura_gate": {
    "criteria": {
      "has_stick": "2024-11-09 19:28:11 +0000"
    },
    "done": true
  },
  "betternether:recipes/redstone/nether_reed_gate": {
    "criteria": {
      "has_stick": "2024-11-09 19:28:11 +0000"
    },
    "done": true
  },
  "betterend:recipes/decorations/helix_tree_taburet": {
    "criteria": {
      "has_stick": "2024-11-09 19:28:11 +0000"
    },
    "done": true
  },
  "betterend:recipes/decorations/pythadendron_taburet": {
    "criteria": {
      "has_stick": "2024-11-09 19:28:11 +0000"
    },
    "done": true
  },
  "regions_unexplored:recipes/decorations/mauve_sign": {
    "criteria": {
      "has_mauve_planks": "2024-11-09 19:28:01 +0000"
    },
    "done": true
  },
  "betternether:recipes/transportation/wart_chest_boat": {
    "criteria": {
      "has_tag_c_chest": "2024-11-09 19:34:05 +0000"
    },
    "done": true
  },
  "advancednetherite:recipes/misc/netherite_gold_ingot_from_block": {
    "criteria": {
      "has_the_recipe": "2024-11-09 19:23:39 +0000"
    },
    "done": true
  },
  "aquamirae:adventure/root": {
    "criteria": {
      "crafting_table": "2024-11-09 19:28:03 +0000"
    },
    "done": true
  },
  "ae2wtlib:recipes/quantum_bridge_card": {
    "criteria": {
      "has_wit": "2024-11-09 19:23:39 +0000",
      "has_wpt": "2024-11-09 19:23:39 +0000",
      "has_wct": "2024-11-09 19:23:39 +0000"
    },
    "done": true
  },
  "regions_unexplored:parent": {
    "criteria": {
      "load_in_world": "2024-11-09 19:23:40 +0000"
    },
    "done": true
  },
  "seasonsextras:recipes/air_conditioning": {
    "criteria": {
      "has_furnace": "2024-11-09 19:23:39 +0000"
    },
    "done": true
  },
  "minecraft:recipes/food/cooked_beef": {
    "criteria": {
      "has_beef": "2024-11-09 19:29:58 +0000"
    },
    "done": true
  },
  "handcrafted:recipes/misc/acacia_bench": {
    "criteria": {
      "has_acacia_bench": "2024-11-09 19:27:51 +0000"
    },
    "done": true
  },
  "ae2:recipes/misc/network/blocks/crank": {
    "criteria": {
      "has_stick": "2024-11-09 19:28:11 +0000"
    },
    "done": true
  },
  "techreborn:recipes/compressor/wood_plate": {
    "criteria": {
      "has_planks": "2024-11-09 19:27:51 +0000"
    },
    "done": true
  },
  "mcda:recipes/crafting_items/fabric_bolt_purple": {
    "criteria": {
      "has_stick": "2024-11-09 19:28:11 +0000"
    },
    "done": true
  },
  "betternether:recipes/decorations/dark_oak_bar_stool": {
    "criteria": {
      "has_stick": "2024-11-09 19:28:11 +0000"
    },
    "done": true
  },
  "minecraft:recipes/combat/leather_leggings": {
    "criteria": {
      "has_leather": "2024-11-09 19:29:58 +0000"
    },
    "done": true
  },
  "mcda:recipes/crafting_items/fabric_bolt_orange": {
    "criteria": {
      "has_stick": "2024-11-09 19:28:11 +0000"
    },
    "done": true
  },
  "betterend:recipes/decorations/mossy_glowshroom_bar_stool": {
    "criteria": {
      "has_stick": "2024-11-09 19:28:11 +0000"
    },
    "done": true
  },
  "supplementaries:recipes/flags/flag_brown": {
    "criteria": {
      "has_stick": "2024-11-09 19:28:11 +0000"
    },
    "done": true
  },
  "techreborn:recipes/fusion_reactor/helium_plasma": {
    "criteria": {
      "has_helium3": "2024-11-09 19:23:39 +0000",
      "has_deuterium": "2024-11-09 19:23:39 +0000"
    },
    "done": true
  },
  "farmersdelight:recipes/combat/flint_knife": {
    "criteria": {
      "has_stick": "2024-11-09 19:28:11 +0000"
    },
    "done": true
  },
  "mcdw:recipes/whips/whip_vine_whip": {
    "criteria": {
      "has_leather": "2024-11-09 19:29:58 +0000"
    },
    "done": true
  },
  "handcrafted:recipes/misc/acacia_drawer": {
    "criteria": {
      "has_acacia_drawer": "2024-11-09 19:27:51 +0000"
    },
    "done": true
  },
  "betternether:recipes/decorations/dark_oak_chair": {
    "criteria": {
      "has_stick": "2024-11-09 19:28:11 +0000"
    },
    "done": true
  },
  "minecraft:recipes/redstone/acacia_trapdoor": {
    "criteria": {
      "has_planks": "2024-11-09 19:27:51 +0000"
    },
    "done": true
  },
  "mcda:recipes/base_armors/vanguard_armor_leggings": {
    "criteria": {
      "has_leather": "2024-11-09 19:29:58 +0000"
    },
    "done": true
  },
  "techreborn:recipes/blast_furnace/titanium_ingot": {
    "criteria": {
      "has_titanium_dust": "2024-11-09 19:23:39 +0000"
    },
    "done": true
  },
  "regions_unexplored:recipes/building_blocks/white_painted_planks": {
    "criteria": {
      "has_planks": "2024-11-09 19:27:51 +0000"
    },
    "done": true
  },
  "techreborn:recipes/industrial_sawmill/saw_small_dust_from_wooden_pickaxe": {
    "criteria": {
      "has_wooden_pickaxe": "2024-11-09 19:28:29 +0000"
    },
    "done": true
  },
  "techreborn:recipes/fusion_reactor/helium3": {
    "criteria": {
      "has_tritium": "2024-11-09 19:23:39 +0000",
      "has_deuterium": "2024-11-09 19:23:39 +0000"
    },
    "done": true
  },
  "betternether:recipes/decorations/warped_bar_stool": {
    "criteria": {
      "has_stick": "2024-11-09 19:28:11 +0000"
    },
    "done": true
  },
  "mcdw:recipes/daggers/dagger_moon": {
    "criteria": {
      "has_leather": "2024-11-09 19:29:58 +0000"
    },
    "done": true
  },
  "techreborn:recipes/chemical_reactor/leather": {
    "criteria": {
      "has_rotten_flesh": "2024-11-09 19:25:08 +0000"
    },
    "done": true
  },
  "techreborn:recipes/blast_furnace/blackstone": {
    "criteria": {
      "has_cobblestone": "2024-11-09 19:28:40 +0000"
    },
    "done": true
  },
  "handcrafted:recipes/misc/acacia_side_table": {
    "criteria": {
      "has_acacia_side_table": "2024-11-09 19:27:51 +0000"
    },
    "done": true
  },
  "supplementaries:recipes/decorations/regions_unexplored/sign_post_mauve": {
    "criteria": {
      "has_planks": "2024-11-09 19:28:01 +0000"
    },
    "done": true
  },
  "lootr:root": {
    "criteria": {
      "always_true": "2024-11-09 19:23:39 +0000"
    },
    "done": true
  },
  "mcdw:recipes/swords/sword_cutlass": {
    "criteria": {
      "has_gold_ingot": "2024-11-09 19:35:18 +0000"
    },
    "done": true
  },
  "mcda:recipes/crafting_items/fabric_bolt_black": {
    "criteria": {
      "has_stick": "2024-11-09 19:28:11 +0000"
    },
    "done": true
  },
  "bclib:recipes/transportation/tag_rail": {
    "criteria": {
      "has_stick": "2024-11-09 19:28:11 +0000"
    },
    "done": true
  },
  "supplementaries:recipes/bellows": {
    "criteria": {
      "has_leather": "2024-11-09 19:29:58 +0000"
    },
    "done": true
  },
  "advancednetherite:recipes/misc/netherite_emerald_ingot": {
    "criteria": {
      "has_the_recipe": "2024-11-09 19:23:39 +0000"
    },
    "done": true
  },
  "mcdw:recipes/shortbows/bow_love_spell_bow": {
    "criteria": {
      "has_gold_ingot": "2024-11-09 19:35:18 +0000"
    },
    "done": true
  },
  "bclib:recipes/combat/tag_shield": {
    "criteria": {
      "has_tag_minecraft_planks": "2024-11-09 19:27:51 +0000"
    },
    "done": true
  },
  "mcdw:recipes/bows/bow_elite_power_bow": {
    "criteria": {
      "has_gold_ingot": "2024-11-09 19:35:18 +0000"
    },
    "done": true
  },
  "minecraft:husbandry/root": {
    "criteria": {
      "consumed_item": "2024-11-09 19:25:24 +0000"
    },
    "done": true
  },
  "techreborn:recipes/extractor/glass_bottle_from_honey_bottle": {
    "criteria": {
      "has_honey_bottle": "2024-11-09 19:35:20 +0000"
    },
    "done": true
  },
  "betterend:recipes/decorations/end_lotus_bar_stool": {
    "criteria": {
      "has_stick": "2024-11-09 19:28:11 +0000"
    },
    "done": true
  },
  "handcrafted:recipes/misc/acacia_nightstand": {
    "criteria": {
      "has_acacia_nightstand": "2024-11-09 19:27:51 +0000"
    },
    "done": true
  },
  "minecraft:recipes/redstone/acacia_fence_gate": {
    "criteria": {
      "has_planks": "2024-11-09 19:27:51 +0000"
    },
    "done": true
  },
  "regions_unexplored:recipes/misc/blue_dye_from_meadow_sage": {
    "criteria": {
      "has_meadow_sage": "2024-11-09 19:27:08 +0000"
    },
    "done": true
  },
  "techreborn:recipes/blast_furnace/plenty_pottery_sherd": {
    "criteria": {
      "has_chest": "2024-11-09 19:34:05 +0000"
    },
    "done": true
  },
  "betterend:recipes/redstone/lacugrove_gate": {
    "criteria": {
      "has_stick": "2024-11-09 19:28:11 +0000"
    },
    "done": true
  },
  "betterend:recipes/decorations/pythadendron_bar_stool": {
    "criteria": {
      "has_stick": "2024-11-09 19:28:11 +0000"
    },
    "done": true
  },
  "minecraft:recipes/decorations/torch": {
    "criteria": {
      "has_stone_pickaxe": "2024-11-09 19:29:02 +0000"
    },
    "done": true
  },
  "travelersbackpack:recipes/misc/standard": {
    "criteria": {
      "has_chest": "2024-11-09 19:34:05 +0000"
    },
    "done": true
  },
  "regions_unexplored:recipes/building_blocks/pink_painted_planks": {
    "criteria": {
      "has_planks": "2024-11-09 19:27:51 +0000"
    },
    "done": true
  },
  "techreborn:recipes/assembling_machine/coast_armor_trim_smithing_template": {
    "criteria": {
      "has_cobblestone": "2024-11-09 19:28:40 +0000"
    },
    "done": true
  },
  "mcda:recipes/base_armors/grim_armor_boots": {
    "criteria": {
      "has_leather": "2024-11-09 19:29:58 +0000"
    },
    "done": true
  },
  "travelersbackpack:recipes/misc/blank_upgrade": {
    "criteria": {
      "has_chest": "2024-11-09 19:34:05 +0000"
    },
    "done": true
  },
  "betterend:recipes/redstone/jellyshroom_gate": {
    "criteria": {
      "has_stick": "2024-11-09 19:28:11 +0000"
    },
    "done": true
  },
  "regions_unexplored:recipes/building_blocks/magenta_painted_planks": {
    "criteria": {
      "has_planks": "2024-11-09 19:27:51 +0000"
    },
    "done": true
  },
  "betternether:recipes/decorations/anchor_tree_fence": {
    "criteria": {
      "has_stick": "2024-11-09 19:28:11 +0000"
    },
    "done": true
  },
  "the_bumblezone:teleportation/is_near_beehive": {
    "criteria": {
      "is_near_beehive": "2024-11-09 19:26:29 +0000"
    },
    "done": true
  },
  "betternether:recipes/decorations/wart_chair": {
    "criteria": {
      "has_stick": "2024-11-09 19:28:11 +0000"
    },
    "done": true
  },
  "the_bumblezone:wiki": {
    "criteria": {
      "instant_granted": "2024-11-09 19:23:39 +0000"
    },
    "done": true
  },
  "supplementaries:recipes/flags/flag_yellow": {
    "criteria": {
      "has_stick": "2024-11-09 19:28:11 +0000"
    },
    "done": true
  },
  "brewery:main/root": {
    "criteria": {
      "seeds": "2024-11-09 19:23:39 +0000"
    },
    "done": true
  },
  "betterend:recipes/redstone/lucernia_gate": {
    "criteria": {
      "has_stick": "2024-11-09 19:28:11 +0000"
    },
    "done": true
  },
  "betterend:recipes/misc/diamond_hammer": {
    "criteria": {
      "has_stick": "2024-11-09 19:28:11 +0000"
    },
    "done": true
  },
  "techreborn:recipes/compressor/compressed_plantball_from_melon_slices": {
    "criteria": {
      "has_melon_slice": "2024-11-09 19:23:39 +0000"
    },
    "done": true
  },
  "regions_unexplored:recipes/redstone/mauve_trapdoor": {
    "criteria": {
      "has_mauve_planks": "2024-11-09 19:28:01 +0000"
    },
    "done": true
  },
  "betternether:recipes/decorations/nether_mushroom_sign": {
    "criteria": {
      "has_stick": "2024-11-09 19:28:11 +0000"
    },
    "done": true
  },
  "mcdw:recipes/staves/staff_growing_staff": {
    "criteria": {
      "has_gold_ingot": "2024-11-09 19:35:18 +0000"
    },
    "done": true
  },
  "betterend:recipes/decorations/umbrella_tree_bar_stool": {
    "criteria": {
      "has_stick": "2024-11-09 19:28:11 +0000"
    },
    "done": true
  },
  "bclib:recipes/redstone/tag_hopper": {
    "criteria": {
      "has_tag_c_chest": "2024-11-09 19:34:05 +0000"
    },
    "done": true
  },
  "techreborn:recipes/fusion_reactor/iridium_ore": {
    "criteria": {
      "has_lithium": "2024-11-09 19:23:39 +0000",
      "has_wolframium": "2024-11-09 19:23:39 +0000"
    },
    "done": true
  },
  "advancednetherite:recipes/misc/netherite_iron_ingot": {
    "criteria": {
      "has_the_recipe": "2024-11-09 19:23:39 +0000"
    },
    "done": true
  },
  "justhammers:recipes/tools/gold_hammer": {
    "criteria": {
      "has_material": "2024-11-09 19:35:18 +0000"
    },
    "done": true
  },
  "techreborn:recipes/crafting_table/parts/wood_plate": {
    "criteria": {
      "has_planks": "2024-11-09 19:27:51 +0000"
    },
    "done": true
  },
  "betternether:recipes/decorations/willow_chair": {
    "criteria": {
      "has_stick": "2024-11-09 19:28:11 +0000"
    },
    "done": true
  },
  "DataVersion": 3465
}