{
  "mutantmonsters:root": {
    "criteria": {
      "killed_something": "2024-11-09 19:25:04 +0000"
    },
    "done": true
  },
  "spellbladenext:spellblades/root": {
    "criteria": {
      "always": "2024-11-09 19:23:39 +0000"
    },
    "done": true
  },
  "minecraft:recipes/decorations/crafting_table": {
    "criteria": {
      "unlock_right_away": "2024-11-09 19:23:39 +0000"
    },
    "done": true
  },
  "techreborn:recipes/chemical_reactor/calcium_carbonate": {
    "criteria": {
      "has_carbon": "2024-11-09 19:23:39 +0000",
      "has_calcium": "2024-11-09 19:23:39 +0000"
    },
    "done": true
  },
  "croptopia:recipes/campfire_toast": {
    "criteria": {
      "has_bread": "2024-11-09 19:23:39 +0000"
    },
    "done": true
  },
  "betternether:root": {
    "criteria": {
      "welcome": "2024-11-09 19:23:40 +0000"
    },
    "done": true
  },
  "betterend:root": {
    "criteria": {
      "welcome": "2024-11-09 19:23:40 +0000"
    },
    "done": true
  },
  "advancednetherite:recipes/netherite_diamond_block": {
    "criteria": {
      "has_ingredients": "2024-11-09 19:23:39 +0000"
    },
    "done": true
  },
  "travelersbackpack:recipes/misc/skeleton": {
    "criteria": {
      "has_arrow": "2024-11-09 19:26:05 +0000"
    },
    "done": true
  },
  "ae2wtlib:recipes/wireless_universal_terminal/upgrade_crafting": {
    "criteria": {
      "has_wct": "2024-11-09 19:23:39 +0000"
    },
    "done": true
  },
  "seasonsextras:recipes/season_calendar": {
    "criteria": {
      "has_clock": "2024-11-09 19:23:39 +0000"
    },
    "done": true
  },
  "advancednetherite:recipes/misc/netherite_diamond_ingot": {
    "criteria": {
      "has_the_recipe": "2024-11-09 19:23:39 +0000"
    },
    "done": true
  },
  "betterdungeons:root": {
    "criteria": {
      "always": "2024-11-09 19:23:39 +0000"
    },
    "done": true
  },
  "techreborn:recipes/centrifuge/hydrogen_cell": {
    "criteria": {
      "has_hydrogen": "2024-11-09 19:23:39 +0000"
    },
    "done": true
  },
  "croptopia:recipes/cheeseburger": {
    "criteria": {
      "has_bread": "2024-11-09 19:23:39 +0000"
    },
    "done": true
  },
  "croptopia:recipes/food/toast_from_smoking_bread": {
    "criteria": {
      "has_bread": "2024-11-09 19:23:39 +0000"
    },
    "done": true
  },
  "ae2wtlib:recipes/wireless_pattern_encoding_terminal": {
    "criteria": {
      "has_wt": "2024-11-09 19:23:39 +0000"
    },
    "done": true
  },
  "herbalbrews:main/root": {
    "criteria": {
      "seeds": "2024-11-09 19:23:39 +0000"
    },
    "done": true
  },
  "betterdeserttemples:root": {
    "criteria": {
      "always": "2024-11-09 19:23:39 +0000"
    },
    "done": true
  },
  "mcda:recipes/upgrade_cores/upgrade_core_archer": {
    "criteria": {
      "has_core_specification_item": "2024-11-09 19:26:05 +0000"
    },
    "done": true
  },
  "regions_unexplored:regions_explored": {
    "criteria": {
      "rocky_meadow": "2024-11-09 19:23:40 +0000"
    },
    "done": false
  },
  "frostiful:recipes/combat/armor/ice_skates": {
    "criteria": {
      "has_fur_boots": "2024-11-09 19:23:39 +0000"
    },
    "done": true
  },
  "techreborn:recipes/chemical_reactor/methane": {
    "criteria": {
      "has_hydrogen": "2024-11-09 19:23:39 +0000",
      "has_carbon": "2024-11-09 19:23:39 +0000"
    },
    "done": true
  },
  "techreborn:recipes/chemical_reactor/sodium_sulfide": {
    "criteria": {
      "has_sulfur": "2024-11-09 19:23:39 +0000",
      "has_sodium": "2024-11-09 19:23:39 +0000"
    },
    "done": true
  },
  "regions_unexplored:pioneer": {
    "criteria": {
      "rocky_meadow": "2024-11-09 19:23:40 +0000"
    },
    "done": false
  },
  "farmersdelight:recipes/building_blocks/organic_compost_from_rotten_flesh": {
    "criteria": {
      "has_rotten_flesh": "2024-11-09 19:25:08 +0000"
    },
    "done": true
  },
  "advancednetherite:recipes/netherite_emerald_block": {
    "criteria": {
      "has_ingredients": "2024-11-09 19:23:39 +0000"
    },
    "done": true
  },
  "minecraft:husbandry/balanced_diet": {
    "criteria": {
      "bread": "2024-11-09 19:25:24 +0000"
    },
    "done": false
  },
  "techreborn:recipes/distillation_tower/diesel": {
    "criteria": {
      "has_oil": "2024-11-09 19:23:39 +0000"
    },
    "done": true
  },
  "techreborn:recipes/chemical_reactor/nitro_diesel": {
    "criteria": {
      "has_diesel": "2024-11-09 19:23:39 +0000",
      "has_glyceryl": "2024-11-09 19:23:39 +0000"
    },
    "done": true
  },
  "advancednetherite:recipes/netherite_gold_block": {
    "criteria": {
      "has_ingredients": "2024-11-09 19:23:39 +0000"
    },
    "done": true
  },
  "toms_storage:unlock_glowstone": {
    "criteria": {
      "inv_changed-glowstone": "2024-11-09 19:23:39 +0000"
    },
    "done": true
  },
  "techreborn:recipes/centrifuge/sulfur_cell": {
    "criteria": {
      "has_sulfur": "2024-11-09 19:23:39 +0000"
    },
    "done": true
  },
  "advancednetherite:recipes/building_blocks/netherite_diamond_block": {
    "criteria": {
      "has_the_recipe": "2024-11-09 19:23:39 +0000"
    },
    "done": true
  },
  "archon:root": {
    "criteria": {
      "tick": "2024-11-09 19:23:39 +0000"
    },
    "done": true
  },
  "techreborn:recipes/compressor/compressed_plantball_from_plantball": {
    "criteria": {
      "has_plantball": "2024-11-09 19:23:39 +0000"
    },
    "done": true
  },
  "ae2wtlib:recipes/wireless_universal_terminal/upgrade_pattern_encoding": {
    "criteria": {
      "has_wpt": "2024-11-09 19:23:39 +0000"
    },
    "done": true
  },
  "techreborn:recipes/centrifuge/rotten_flesh": {
    "criteria": {
      "has_rotten_flesh": "2024-11-09 19:25:08 +0000"
    },
    "done": true
  },
  "techreborn:recipes/vacuum_freezer/helium": {
    "criteria": {
      "has_heliumplasma": "2024-11-09 19:23:39 +0000"
    },
    "done": true
  },
  "the_bumblezone:root": {
    "criteria": {
      "instant_granted": "2024-11-09 19:23:39 +0000"
    },
    "done": true
  },
  "techreborn:recipes/centrifuge/helium_cell": {
    "criteria": {
      "has_helium": "2024-11-09 19:23:39 +0000"
    },
    "done": true
  },
  "croptopia:recipes/food/toast_from_bread": {
    "criteria": {
      "has_bread": "2024-11-09 19:23:39 +0000"
    },
    "done": true
  },
  "advancednetherite:recipes/misc/netherite_iron_ingot_from_block": {
    "criteria": {
      "has_the_recipe": "2024-11-09 19:23:39 +0000"
    },
    "done": true
  },
  "frostiful:recipes/combat/armor/fur_padded_chainmail_helmet": {
    "criteria": {
      "has_fur_armor": "2024-11-09 19:23:39 +0000"
    },
    "done": true
  },
  "techreborn:recipes/chemical_reactor/sodium_persulfate": {
    "criteria": {
      "has_sodium_sulfide": "2024-11-09 19:23:39 +0000"
    },
    "done": true
  },
  "techreborn:recipes/chemical_reactor/nitro_carbon": {
    "criteria": {
      "has_nitrogen": "2024-11-09 19:23:39 +0000"
    },
    "done": true
  },
  "farmersdelight:main/root": {
    "criteria": {
      "seeds": "2024-11-09 19:23:39 +0000"
    },
    "done": true
  },
  "frostiful:recipes/combat/armor/fur_padded_chainmail_chestplate": {
    "criteria": {
      "has_fur_armor": "2024-11-09 19:23:39 +0000"
    },
    "done": true
  },
  "frostiful:recipes/combat/armor/fur_padded_chainmail_boots": {
    "criteria": {
      "has_fur_armor": "2024-11-09 19:23:39 +0000"
    },
    "done": true
  },
  "betterdungeons:spider_dungeon": {
    "criteria": {
      "in_better_spider_dungeon": "2024-11-09 19:23:40 +0000"
    },
    "done": true
  },
  "things:root": {
    "criteria": {
      "tick": "2024-11-09 19:23:39 +0000"
    },
    "done": true
  },
  "advancednetherite:recipes/building_blocks/netherite_iron_block": {
    "criteria": {
      "has_the_recipe": "2024-11-09 19:23:39 +0000"
    },
    "done": true
  },
  "techreborn:recipes/centrifuge/bread": {
    "criteria": {
      "has_bread": "2024-11-09 19:23:39 +0000"
    },
    "done": true
  },
  "minecraft:story/deflect_arrow": {
    "criteria": {
      "deflected_projectile": "2024-11-09 19:25:53 +0000"
    },
    "done": true
  },
  "create:root": {
    "criteria": {
      "0": "2024-11-09 19:23:39 +0000"
    },
    "done": true
  },
  "ae2wtlib:recipes/wireless_universal_terminal/upgrade_pattern_access": {
    "criteria": {
      "has_wit": "2024-11-09 19:23:39 +0000"
    },
    "done": true
  },
  "naturalist:recipes/food/cooked_egg": {
    "criteria": {
      "has_eggs": "2024-11-09 19:23:39 +0000"
    },
    "done": true
  },
  "toms_storage:unlock_netherite": {
    "criteria": {
      "inv_changed-netherite": "2024-11-09 19:23:39 +0000"
    },
    "done": true
  },
  "mcdw:recipes/double_axes/double_axe_cursed": {
    "criteria": {
      "has_rotten_flesh": "2024-11-09 19:25:08 +0000"
    },
    "done": true
  },
  "seasonsextras:recipes/tinted_greenhouse_glass": {
    "criteria": {
      "has_glass": "2024-11-09 19:23:39 +0000"
    },
    "done": true
  },
  "toms_storage:unlock_chest": {
    "criteria": {
      "inv_changed-chest": "2024-11-09 19:23:39 +0000"
    },
    "done": true
  },
  "frostiful:recipes/combat/armor/armored_ice_skates": {
    "criteria": {
      "has_fur_boots": "2024-11-09 19:23:39 +0000"
    },
    "done": true
  },
  "ae2wtlib:recipes/wireless_pattern_access_terminal": {
    "criteria": {
      "has_wt": "2024-11-09 19:23:39 +0000"
    },
    "done": true
  },
  "techreborn:recipes/centrifuge/deuterium_cell": {
    "criteria": {
      "has_deuterium": "2024-11-09 19:23:39 +0000"
    },
    "done": true
  },
  "frostiful:recipes/misc/snowflake_banner_pattern": {
    "criteria": {
      "has_packed_snowball": "2024-11-09 19:23:39 +0000"
    },
    "done": true
  },
  "farmersdelight:recipes/cooking/dog_food": {
    "criteria": {
      "has_any_ingredient": "2024-11-09 19:25:08 +0000"
    },
    "done": true
  },
  "advancednetherite:recipes/building_blocks/netherite_emerald_block": {
    "criteria": {
      "has_the_recipe": "2024-11-09 19:23:39 +0000"
    },
    "done": true
  },
  "mcda:recipes/crafting_items/glut_charm": {
    "criteria": {
      "has_rotten_flesh": "2024-11-09 19:25:08 +0000"
    },
    "done": true
  },
  "seasonsextras:recipes/greenhouse_glass": {
    "criteria": {
      "has_glass": "2024-11-09 19:23:39 +0000"
    },
    "done": true
  },
  "mythicmobs:mythicmobs": {
    "criteria": {
      "tick": "2024-11-09 19:23:39 +0000"
    },
    "done": true
  },
  "frostiful:recipes/combat/armor/fur_padded_chainmail_leggings": {
    "criteria": {
      "has_fur_armor": "2024-11-09 19:23:39 +0000"
    },
    "done": true
  },
  "vinery:main/root": {
    "criteria": {
      "seeds": "2024-11-09 19:23:39 +0000"
    },
    "done": true
  },
  "advancednetherite:recipes/misc/netherite_emerald_ingot_from_block": {
    "criteria": {
      "has_the_recipe": "2024-11-09 19:23:39 +0000"
    },
    "done": true
  },
  "advancednetherite:recipes/netherite_iron_block": {
    "criteria": {
      "has_ingredients": "2024-11-09 19:23:39 +0000"
    },
    "done": true
  },
  "dungeons_arise:find_mushroom_village": {
    "criteria": {
      "location0": "2024-11-09 19:25:17 +0000"
    },
    "done": true
  },
  "techreborn:recipes/chemical_reactor/glyceryl": {
    "criteria": {
      "has_nitro_carbon": "2024-11-09 19:23:39 +0000"
    },
    "done": true
  },
  "advancednetherite:recipes/netherite_ingots": {
    "criteria": {
      "has_ingredients": "2024-11-09 19:23:39 +0000"
    },
    "done": true
  },
  "techreborn:recipes/fusion_reactor/platinum_dust": {
    "criteria": {
      "has_beryllium": "2024-11-09 19:23:39 +0000",
      "has_wolframium": "2024-11-09 19:23:39 +0000"
    },
    "done": true
  },
  "techreborn:recipes/blast_furnace/silicon_plate": {
    "criteria": {
      "has_silicon": "2024-11-09 19:23:39 +0000"
    },
    "done": true
  },
  "toms_storage:unlock_dia_pearl": {
    "criteria": {
      "inv_changed-ender_pearl": "2024-11-09 19:23:39 +0000",
      "inv_changed-diamond": "2024-11-09 19:23:39 +0000"
    },
    "done": true
  },
  "techreborn:recipes/chemical_reactor/nitrogen_dioxide": {
    "criteria": {
      "has_nitrogen": "2024-11-09 19:23:39 +0000"
    },
    "done": true
  },
  "betterdungeons:all_dungeons": {
    "criteria": {
      "in_better_spider_dungeon": "2024-11-09 19:23:40 +0000"
    },
    "done": false
  },
  "minecraft:adventure/kill_a_mob": {
    "criteria": {
      "minecraft:zombie": "2024-11-09 19:25:04 +0000"
    },
    "done": true
  },
  "rpg_series:root": {
    "criteria": {
      "always": "2024-11-09 19:23:39 +0000"
    },
    "done": true
  },
  "techreborn:recipes/centrifuge/calcium_carbonate_cell": {
    "criteria": {
      "has_calcium_carbonate": "2024-11-09 19:23:39 +0000"
    },
    "done": true
  },
  "advancednetherite:recipes/misc/netherite_diamond_ingot_from_block": {
    "criteria": {
      "has_the_recipe": "2024-11-09 19:23:39 +0000"
    },
    "done": true
  },
  "ae2wtlib:recipes/magnet_card": {
    "criteria": {
      "has_wct": "2024-11-09 19:23:39 +0000"
    },
    "done": true
  },
  "techreborn:recipes/chemical_reactor/nitrofuel": {
    "criteria": {
      "has_oil": "2024-11-09 19:23:39 +0000",
      "has_nitrogen": "2024-11-09 19:23:39 +0000"
    },
    "done": true
  },
  "minecraft:adventure/kill_all_mobs": {
    "criteria": {
      "minecraft:skeleton": "2024-11-09 19:26:04 +0000",
      "minecraft:zombie": "2024-11-09 19:25:04 +0000"
    },
    "done": false
  },
  "techreborn:recipes/chemical_reactor/water": {
    "criteria": {
      "has_hydrogen": "2024-11-09 19:23:39 +0000",
      "has_compressed_air": "2024-11-09 19:23:39 +0000"
    },
    "done": true
  },
  "seasonsextras:recipes/season_detector": {
    "criteria": {
      "has_detector": "2024-11-09 19:23:39 +0000"
    },
    "done": true
  },
  "techreborn:recipes/chemical_reactor/nitrocoal_fuel": {
    "criteria": {
      "has_glyceryl": "2024-11-09 19:23:39 +0000"
    },
    "done": true
  },
  "seasonsextras:recipes/crop_season_tester": {
    "criteria": {
      "has_iron": "2024-11-09 19:23:39 +0000"
    },
    "done": true
  },
  "techreborn:recipes/centrifuge/lava_cell": {
    "criteria": {
      "has_lava": "2024-11-09 19:23:39 +0000"
    },
    "done": true
  },
  "techreborn:recipes/chemical_reactor/sulfuric_acid": {
    "criteria": {
      "has_sulfur": "2024-11-09 19:23:39 +0000"
    },
    "done": true
  },
  "advancednetherite:recipes/building_blocks/netherite_gold_block": {
    "criteria": {
      "has_the_recipe": "2024-11-09 19:23:39 +0000"
    },
    "done": true
  },
  "ae2wtlib:recipes/wireless_universal_terminal/ce": {
    "criteria": {
      "has_wpt": "2024-11-09 19:23:39 +0000",
      "has_wct": "2024-11-09 19:23:39 +0000"
    },
    "done": true
  },
  "ae2wtlib:recipes/wireless_universal_terminal/ca": {
    "criteria": {
      "has_wit": "2024-11-09 19:23:39 +0000",
      "has_wct": "2024-11-09 19:23:39 +0000"
    },
    "done": true
  },
  "dungeons_arise:wda_root": {
    "criteria": {
      "WDA": "2024-11-09 19:23:39 +0000"
    },
    "done": true
  },
  "ae2wtlib:recipes/wireless_universal_terminal/ae": {
    "criteria": {
      "has_wit": "2024-11-09 19:23:39 +0000",
      "has_wpt": "2024-11-09 19:23:39 +0000"
    },
    "done": true
  },
  "advancednetherite:recipes/misc/netherite_gold_ingot": {
    "criteria": {
      "has_the_recipe": "2024-11-09 19:23:39 +0000"
    },
    "done": true
  },
  "minecraft:adventure/root": {
    "criteria": {
      "killed_something": "2024-11-09 19:25:04 +0000"
    },
    "done": true
  },
  "advancednetherite:recipes/misc/netherite_gold_ingot_from_block": {
    "criteria": {
      "has_the_recipe": "2024-11-09 19:23:39 +0000"
    },
    "done": true
  },
  "ae2wtlib:recipes/quantum_bridge_card": {
    "criteria": {
      "has_wit": "2024-11-09 19:23:39 +0000",
      "has_wpt": "2024-11-09 19:23:39 +0000",
      "has_wct": "2024-11-09 19:23:39 +0000"
    },
    "done": true
  },
  "regions_unexplored:parent": {
    "criteria": {
      "load_in_world": "2024-11-09 19:23:40 +0000"
    },
    "done": true
  },
  "seasonsextras:recipes/air_conditioning": {
    "criteria": {
      "has_furnace": "2024-11-09 19:23:39 +0000"
    },
    "done": true
  },
  "techreborn:recipes/fusion_reactor/helium_plasma": {
    "criteria": {
      "has_helium3": "2024-11-09 19:23:39 +0000",
      "has_deuterium": "2024-11-09 19:23:39 +0000"
    },
    "done": true
  },
  "techreborn:recipes/blast_furnace/titanium_ingot": {
    "criteria": {
      "has_titanium_dust": "2024-11-09 19:23:39 +0000"
    },
    "done": true
  },
  "techreborn:recipes/fusion_reactor/helium3": {
    "criteria": {
      "has_tritium": "2024-11-09 19:23:39 +0000",
      "has_deuterium": "2024-11-09 19:23:39 +0000"
    },
    "done": true
  },
  "techreborn:recipes/chemical_reactor/leather": {
    "criteria": {
      "has_rotten_flesh": "2024-11-09 19:25:08 +0000"
    },
    "done": true
  },
  "lootr:root": {
    "criteria": {
      "always_true": "2024-11-09 19:23:39 +0000"
    },
    "done": true
  },
  "advancednetherite:recipes/misc/netherite_emerald_ingot": {
    "criteria": {
      "has_the_recipe": "2024-11-09 19:23:39 +0000"
    },
    "done": true
  },
  "minecraft:husbandry/root": {
    "criteria": {
      "consumed_item": "2024-11-09 19:25:24 +0000"
    },
    "done": true
  },
  "the_bumblezone:teleportation/is_near_beehive": {
    "criteria": {
      "is_near_beehive": "2024-11-09 19:26:29 +0000"
    },
    "done": true
  },
  "the_bumblezone:wiki": {
    "criteria": {
      "instant_granted": "2024-11-09 19:23:39 +0000"
    },
    "done": true
  },
  "brewery:main/root": {
    "criteria": {
      "seeds": "2024-11-09 19:23:39 +0000"
    },
    "done": true
  },
  "techreborn:recipes/compressor/compressed_plantball_from_melon_slices": {
    "criteria": {
      "has_melon_slice": "2024-11-09 19:23:39 +0000"
    },
    "done": true
  },
  "techreborn:recipes/fusion_reactor/iridium_ore": {
    "criteria": {
      "has_lithium": "2024-11-09 19:23:39 +0000",
      "has_wolframium": "2024-11-09 19:23:39 +0000"
    },
    "done": true
  },
  "advancednetherite:recipes/misc/netherite_iron_ingot": {
    "criteria": {
      "has_the_recipe": "2024-11-09 19:23:39 +0000"
    },
    "done": true
  },
  "DataVersion": 3465
}